curveID,obs,time,elapsed,date,hhmmss,averaging,leafRep,TIME,E,Emm,A,Ca,Ci,Pci,Pca,gsw,gbw,gtw,gtc,Rabs,TleafEB,TleafCnd,SVPleaf,RHcham,VPcham,SVPcham,VPDleaf,LatHFlux,SenHFlux,NetTherm,EBSum,Leak,LeakPct,CorrFact,CorrFactPct,Fan,DarkAdaptedID,Qmax_d,Fo,Fm,Fv.Fm,A_dark,LightAdaptedID,Qmax,Fs,Fm.,PhiPS2,PS2.1,Qabs_fs,A_fs,ETR,PhiCO2,NPQ,alt..Fo.,DarkPulseID,Fmin,Fo.,Fv..Fm.,qP,qN,qP_Fo,qN_Fo,qL,X1.qL,Qin,Qabs,alpha,convert,S,K,Geometry,Custom,TIME.1,CO2_s,CO2_r,H2O_s,H2O_r,CO2_a,H2O_a,Flow,Pa,Î”Pcham,Tair,Tleaf,Tleaf2,Offset,Offset2,Fan_speed,Qamb_in,Qamb_out,Q,f_red,f_blue,f_farred,F,Q_modavg,F_dc,Pc,Tled,TDigital,TPreamp,TPwrSpy,TDrive,Q_red,Q_blue,Q_farred,TSPF,state,F_avg,dF.dt,dF_dc.dt,F_dc_avg,period,time.1,hhmmss.1,co2_t,h2o_t,count,co2_adj,h2o_adj,co2_match,h2o_match,co2_at,h2o_at,co2_cv,h2o_cv,MatchValveR,MatchValveS,MatchCO2,MatchH2O,cf_co2_a,cf_co2_b,cf_co2_c,cf_co2_d,cf_h2o_a,cf_h2o_b,cf_h2o_c,cf_h2o_d,co2_fit_low,co2_fit_high,h2o_fit_low,h2o_fit_high,co2_elapsed,h2o_elapsed,CO2_f,CO2_f_s,Pump_f,Pump_f_s,Pump_p,Pump_p_s,Tboard,V_system,DIAG,Flow_s,Flow_r,Txchg,Tirga,Tchopper,Ts,Tr,CO2_.,Desiccant_.,Humidifier_.,Txchg_sp,CO2_r_sp,H2O_r_sp,SS_s,SS_r,X
1,1,1642797930,0,20220121 12:45:29,12:45:29,15,NA,1642797922,0.002958808,2.958807791,12.91569317,358.280728,260.0372547,26.72259477,36.81853479,0.233629067,2.9765231,0.223898678,0.14077714,257.672808,19.96895071,19.24333226,2.238889029,40.31374715,0.9016132,2.236490685,1.337275829,-130.4834236,-2.761124682,-0.185047596,124.2432121,0,0,1,0,55687,-,-,0,0,0,0,-,-,0,0,0,0.5,0,0,0,0,0,0,-,0,0,0,0,0,0,0,0,1,1599.98,1345.1832,0.840750009,0.161047518,6,0.5,0: Broadleaf,2,1642797922,358.2807419,399.9807742,8.773587419,0.02274129,375.1337419,9.969587419,201.0901613,102.6644839,0.100001923,19.22612581,19.24333226,999.9,0,0,10003.71161,0,0.221023,1599.98,0.974998032,0.025001694,0,2.286848387,0,15278.68387,14006.25806,38.687,40.61077419,39.97358065,38.812,38.185,1559.98,40,0,1642797929,0,2.280403846,-0.039552138,10.95042732,15278.75769,15,1642797970,12:46:10,1642797957,1642797970,15,-0.015,-0.003,-16.853,-1.196,400,0,0.04,0.02,100,100,-16.853,-1.196,-16.45802889,-0.000918359,-1.96E-08,9.04E-11,-1.182058642,-0.010008516,0.001251034,-1.20E-05,1,2100,2,24,1.9,1.6,0.750732,2.40479,1.04614,2.0874,1.04248,2.19727,36.152,23.9211,18,175.413,471.115,14.0002,24.9787,30,25.0277,24.9931,15.0757,89.7897,0,14,400,0,100.705,95.798,NA
1,2,1642798277,347,20220121 12:51:16,12:51:16,15,NA,1642798269,0.003042097,3.042097213,10.46869506,266.3522887,190.4727926,19.57249428,27.36967615,0.244567918,2.976552222,0.233927423,0.147122066,257.6786006,19.92365474,19.26091667,2.241342384,41.44928008,0.925631034,2.233165527,1.31571135,-134.1564871,-9.415420306,-0.63098474,113.4757085,0,0,1,0,55737,-,-,0,0,0,0,-,-,0,0,0,0.5,0,0,0,0,0,0,-,0,0,0,0,0,0,0,0,1,1600.012667,1345.21094,0.840750182,0.16104785,6,0.5,0: Broadleaf,2,1642798269,266.3523,300.0046333,9.007923333,0.01317085,281.6363,10.20392333,201.0968667,102.6574,0.10002807,19.20224333,19.26091667,999.9,0,0,10004.56667,0,0.221023,1600.012667,0.974993,0.0250066,0,2.261273333,0,15299.35,14006.52,38,40.01446667,39.25,38.25,37.5662,1560.002667,40.01,0,1642798276,0,2.278252,0.724530787,3.107692291,15299.388,15,1642798317,12:51:57,1642798295,1642798317,16,1.478,0,-15.284,-1.196,300,0,0.03,0.01,100,100,-15.284,-1.196,-16.47322074,-0.000918359,-1.96E-08,9.04E-11,-1.185315169,-0.010008516,0.001251034,-1.20E-05,1,2100,2,24,5.3,5.1,0.612793,2.40601,1.04614,2.08862,1.04248,2.46826,35.9412,23.9474,18,175.298,471.151,13.9998,24.9674,30.0001,24.9982,24.9574,12.2944,89.7373,0,14,300,0,100.706,95.7976,NA
1,3,1642798521,591,20220121 12:55:20,12:55:20,15,NA,1642798513,0.003135581,3.135581113,7.177132959,176.9244923,127.8401465,13.13656289,18.18035868,0.25985798,2.976269049,0.24787937,0.155954816,257.6769439,19.8535037,19.20132333,2.233037522,42.8131969,0.953344061,2.226752801,1.279693461,-138.2791271,-7.256917931,-0.486112665,111.6547862,0,0,1,0,55579,-,-,0,0,0,0,-,-,0,0,0,0.5,0,0,0,0,0,0,-,0,0,0,0,0,0,0,0,1,1600.003,1345.202761,0.840750149,0.161047788,6,0.5,0: Broadleaf,2,1642798513,176.9245,199.9953,9.27759,0.008293272,190.6705,10.47059,201.0826,102.6577333,0.099993723,19.15609667,19.20132333,999.9,0,0,10002.93233,0,0.221023,1600.003,0.974995533,0.025004087,0,2.280083333,0,15367.04667,14006.44667,37.687,39.66633333,38.937,37.9412,37.2996,1559.993667,40.008,0,1642798520,0,2.264416,-1.096223082,-19.22307701,15366.876,15,1642798561,12:56:01,1642798544,1642798561,17,1.446,0.003,-13.746,-1.193,200,0,0.05,0.02,100,100,-13.746,-1.193,-14.99508689,-0.000918359,-1.96E-08,9.04E-11,-1.185278314,-0.010008516,0.001251034,-1.20E-05,1,2100,2,24,3.8,3.4,0.467529,2.40601,1.04614,2.08862,1.04248,2.48047,35.8477,23.9124,18,175.583,471.024,13.9997,24.9598,30.0001,24.9919,24.949,9.40662,89.7338,0,14,200,0,100.704,95.7992,NA
1,4,1642798799,869,20220121 12:59:58,12:59:58,15,NA,1642798791,0.003250762,3.250762212,3.286041048,89.3304298,68.15468731,7.003677849,9.179728895,0.279544591,2.976184188,0.265733704,0.167267541,257.6729253,19.77701875,19.14285667,2.2249159,44.47525875,0.987467102,2.220261625,1.237448797,-143.3586135,-5.389584088,-0.360842404,108.5638853,0,0,1,0,55732,-,-,0,0,0,0,-,-,0,0,0,0.5,0,0,0,0,0,0,-,0,0,0,0,0,0,0,0,1,1599.984,1345.18629,0.840749839,0.161047189,6,0.5,0: Broadleaf,2,1642798791,89.33043333,100.0021267,9.60931,0.002593168,101.8144333,10.80231,201.0796,102.6615,0.09999926,19.10926667,19.14285667,999.9,0,0,10002.08533,0,0.221023,1599.984,0.975005867,0.02499378,0,2.286216667,0,15522.54333,14006.32667,37.43286667,39.437,38.67666667,37.75,37.05786667,1559.993,39.991,0,1642798798,0,2.272564,0.35113846,-10.29999995,15522.468,15,1642798839,13:00:39,1642798829,1642798839,18,1.168,0,-12.484,-1.193,100,0,0.11,0.02,100,100,-12.484,-1.193,-13.54917555,-0.000918359,-1.96E-08,9.04E-11,-1.182753144,-0.010008516,0.001251034,-1.20E-05,1,2100,2,24,4.2,4,0.321045,2.43896,1.04614,2.08862,1.04248,2.30347,35.8477,23.9562,18,175.822,471.577,13.9997,24.9535,30.0001,24.9856,24.9448,6.45359,89.7023,0,14,100,0,100.707,95.8022,NA
1,5,1642799172,1242.6,20220121 13:06:12,13:06:12,15,NA,1642799164,0.003395225,3.395225006,1.120546277,46.20019234,39.24247375,4.033705235,4.748884051,0.305185509,2.974994725,0.288798408,0.18189796,257.6783556,19.7064937,19.10390323,2.21951925,46.49685438,1.030191534,2.215615545,1.189327716,-149.7294228,-4.527595644,-0.303138967,103.1181982,0,0,1,0,55749,-,-,0,0,0,0,-,-,0,0,0,0.5,0,0,0,0,0,0,-,0,0,0,0,0,0,0,0,1,1600.018387,1345.215145,0.840749804,0.161047121,6,0.5,0: Broadleaf,2,1642799164,46.20019355,50.01131613,10.02236452,-0.005715678,58.27419355,11.21636452,201.1070968,102.6892581,0.100012084,19.07567419,19.10390323,999.9,0,0,9992.657419,0,0.221023,1600.018387,0.975004258,0.024995348,0,2.213370968,0,15592.53871,14006.62903,37.24187097,39.25,38.44106452,37.562,36.84654839,1560.028387,39.99,0,1642799171,0,2.23318,0.056984608,-15.27692313,15592.356,15,1642799213,13:06:52,1642799203,1642799213,19,0.363,-0.001,-12.074,-1.194,50,0,0.24,0.01,100,100,-12.074,-1.194,-12.38082347,-0.000918359,-1.96E-08,9.04E-11,-1.183099215,-0.010008516,0.001251034,-1.20E-05,1,2100,2,24,5.7,5.6,0.247803,2.45728,1.04614,2.08862,1.04248,2.42432,35.7311,23.9912,18,175.929,471.741,13.9999,24.9346,30,24.9687,24.928,4.9955,89.6739,0,14,50,0,100.71,95.805,NA
1,6,1642799560,1630.1,20220121 13:12:39,13:12:39,15,NA,1642799552,0.003497453,3.497452628,12.87755006,357.8509861,285.9812358,29.38765845,36.77305096,0.328025864,2.977061134,0.309187732,0.194844651,257.6744615,19.64150269,19.01990323,2.207920842,48.13849744,1.064022704,2.210336344,1.143898137,-154.2376609,2.812880015,0.188083682,106.4377643,0,0,1,0,55711,-,-,0,0,0,0,-,-,0,0,0,0.5,0,0,0,0,0,0,-,0,0,0,0,0,0,0,0,1,1599.993871,1345.194561,0.840749821,0.161047155,6,0.5,0: Broadleaf,2,1642799552,357.851,400.0084839,10.35436452,0.026959339,374.626,11.55336452,201.0905161,102.6608065,0.099986119,19.03742903,19.01990323,999.9,0,0,10007.11387,0,0.221023,1599.993871,0.975003516,0.024996229,0,2.342393548,0,15155.01613,14006.4129,37.0863871,39.062,38.312,37.437,36.73374194,1560.003548,39.99032258,0,1642799559,0,2.356008,-0.967676932,18.0846154,15155.26,15,1642799600,13:13:20,1642799585,1642799600,20,-4.378,-0.005,-16.775,-1.199,400,0,0.05,0.01,100,100,-16.775,-1.199,-12.01735384,-0.000918359,-1.96E-08,9.04E-11,-1.184013637,-0.010008516,0.001251034,-1.20E-05,1,2100,2,24,5.9,5.8,0.751953,2.40845,1.04614,2.08862,1.0437,2.25098,35.6148,23.9912,18,175.968,472.539,14.0005,24.9234,30,24.9561,24.9175,15.0838,89.5472,0,14,400,0,100.706,95.8073,NA
1,7,1642799867,1937.6,20220121 13:17:47,13:17:47,15,NA,1642799859,0.003581436,3.581436496,15.1400558,548.9708547,466.0378199,47.89289973,56.41560616,0.345132153,2.97573023,0.32433612,0.204474012,257.6739921,19.60498467,18.9985129,2.204975847,49.28691767,1.088378435,2.208250153,1.116597413,-157.9413495,3.815071072,0.255161565,103.8028753,0,0,1,0,55885,-,-,0,0,0,0,-,-,0,0,0,0.5,0,0,0,0,0,0,-,0,0,0,0,0,0,0,0,1,1599.987419,1345.189432,0.840750006,0.161047511,6,0.5,0: Broadleaf,2,1642799859,548.970871,600.0092903,10.59082903,0.018324748,568.338871,11.78682903,201.0974516,102.666129,0.099993561,19.02229355,18.9985129,999.9,0,0,9999.067097,0,0.221023,1599.987419,0.975001774,0.024998494,0,2.276851613,0,15260.07742,14006.32258,37.044,39.062,38.25,37.375,36.687,1559.987419,40,0,1642799867,0,2.278557692,1.017582906,-3.917948718,15260.06923,15,1642799908,13:18:27,1642799895,1642799908,21,-2.418,0.003,-19.368,-1.196,600,0,0.03,0.01,100,100,-19.368,-1.196,-16.39531259,-0.000918359,-1.96E-08,9.04E-11,-1.188681922,-0.010008516,0.001251034,-1.20E-05,1,2100,2,24,4.7,4.5,1.01807,2.37549,1.04614,2.08862,1.04248,2.32788,35.5218,23.9999,18,176.137,473.324,13.9998,24.9357,30.0001,24.9666,24.9259,20.4253,89.4551,0,14,600,0,100.7,95.805,NA
1,8,1642800197,2267.1,20220121 13:23:16,13:23:16,15,NA,1642800189,0.003638309,3.638309385,14.82024768,846.637984,762.5572352,78.36338361,87.00385238,0.356909691,2.975789311,0.334719492,0.211078314,257.674404,19.57259067,18.99736452,2.204817836,50.13106248,1.105794658,2.205807345,1.099023178,-160.4494439,1.153548868,0.077143238,98.45565221,0,0,1,0,55726,-,-,0,0,0,0,-,-,0,0,0,0.5,0,0,0,0,0,0,-,0,0,0,0,0,0,0,0,1,1599.99,1345.1916,0.840750005,0.161047509,6,0.5,0: Broadleaf,2,1642800189,846.638,900.0440645,10.76053226,0.022503384,868.699,11.95753226,201.1072581,102.6639355,0.100001432,19.00455484,18.99736452,999.9,0,0,9999.614839,0,0.221023,1599.99,0.975001,0.0249995,0,2.2337,0,15193.48065,14006.35484,36.99593548,39,38.187,37.312,36.625,1559.99,40,0,1642800196,0,2.250344,0.797007684,-35.91538455,15192.748,15,1642800237,13:23:57,1642800224,1642800237,22,-2.455,-0.001,-22.061,-1.197,900,0,0.05,0.01,100,100,-22.061,-1.197,-18.81308303,-0.000918359,-1.96E-08,9.04E-11,-1.18600009,-0.010008516,0.001251034,-1.20E-05,1,2100,2,24,5,4.8,1.40259,2.37671,1.04614,2.08862,1.04248,2.35596,35.3133,24.035,18,175.933,474.285,13.9998,24.9305,30.0002,24.9645,24.9238,28.0917,89.4809,0,14,900,0,100.704,95.8037,NA
1,9,1642800627,2697.5,20220121 13:30:27,13:30:27,15,NA,1642800619,0.003648059,3.648058688,14.30099395,1144.862651,1058.207425,108.7408248,117.6454692,0.357495078,2.975872926,0.335235047,0.211406274,257.6797287,19.57508828,19.02561,2.208707126,50.23888007,1.108518373,2.206494991,1.100188753,-160.8793881,-2.576590294,-0.172333292,94.05141699,0,0,1,0,55634,-,-,0,0,0,0,-,-,0,0,0,0.5,0,0,0,0,0,0,-,0,0,0,0,0,0,0,0,1,1600.023,1345.21935,0.840750008,0.161047515,6,0.5,0: Broadleaf,2,1642800619,1144.862667,1199.988333,10.78750667,0.021328087,1168.663667,11.98250667,201.1134333,102.6594667,0.09999452,19.00955,19.02561,999.9,0,0,10000.523,0,0.221023,1600.023,0.9750002,0.02500028,0,2.359673333,0,15134.26333,14006.64,36.937,39,38.187,37.312,36.5998,1560.022,40.001,0,1642800626,0,2.355080769,-0.041288897,-20.13675217,15134.26154,15,1642800668,13:31:07,1642800668,1642800668,23,-1.544,0.002,-23.801,-1.195,1200,0,0.1,0.01,100,100,-23.801,-1.195,-21.26799496,-0.000918359,-1.96E-08,9.04E-11,-1.186674982,-0.010008516,0.001251034,-1.20E-05,1,2100,2,24,6.7,6.5,1.77246,2.37183,1.04614,2.0874,1.04248,2.14355,35.0825,24.035,18,175.973,475.004,13.9997,24.9305,30,24.9624,24.9218,35.4935,89.5074,0,14,1200,0,100.703,95.8039,NA
1,10,1642800973,3043.5,20220121 13:36:13,13:36:13,15,NA,1642800965,0.003591292,3.591291512,13.97809529,1442.845652,1350.052952,138.7172969,148.2517026,0.345508254,2.975287919,0.324665444,0.204683685,257.6732722,19.59157931,19.03572667,2.210101613,49.47556607,1.09179828,2.206742371,1.118303333,-158.3759557,-3.910642749,-0.26162782,95.12504594,0,0,1,0,55821,-,-,0,0,0,0,-,-,0,0,0,0.5,0,0,0,0,0,0,-,0,0,0,0,0,0,0,0,1,1599.982667,1345.18546,0.840750021,0.16104754,6,0.5,0: Broadleaf,2,1642800965,1442.845667,1500.013,10.62582333,0.024287963,1468.269667,11.82082333,201.0915,102.6495333,0.09998975,19.01134667,19.03572667,999.9,0,0,9998.182333,0,0.221023,1599.982667,0.9749994,0.02500106,0,2.272923333,0,15091.54,14006.27,36.937,39,38.187,37.312,36.6166,1559.982,40.00066667,0,1642800972,0,2.249668,0.701746141,3.115384658,15091.572,15,1642801014,13:36:53,1642801006,1642801014,24,-1.485,0.001,-25.424,-1.195,1500,0,0.05,0.02,100,100,-25.424,-1.195,-22.81377651,-0.000918359,-1.96E-08,9.04E-11,-1.184943785,-0.010008516,0.001251034,-1.20E-05,1,2100,2,24,5.1,5.1,2.13379,2.36694,1.04614,2.08618,1.0437,2.23389,34.9444,24.0262,18,176.175,476.395,14,24.9326,30.0001,24.9645,24.9238,42.7055,89.5635,0,14,1500,0,100.699,95.8036,NA
1,11,1642801289,3359,20220121 13:41:28,13:41:28,15,NA,1642801281,0.003515625,3.515625348,13.93712178,1740.159727,1638.829137,168.3954043,178.8074755,0.330363337,2.975065051,0.311252142,0.196157462,257.6718344,19.61702403,19.04080968,2.210802549,48.41154795,1.068712475,2.207556917,1.142090074,-155.0390779,-3.776966004,-0.252717851,98.60307263,0,0,1,0,55802,-,-,0,0,0,0,-,-,0,0,0,0.5,0,0,0,0,0,0,-,0,0,0,0,0,0,0,0,1,1599.973548,1345.17781,0.840750031,0.161047559,6,0.5,0: Broadleaf,2,1642801281,1740.159742,1799.994839,10.40074194,0.020724984,1767.287742,11.59374194,201.1014194,102.6534839,0.100000613,19.01726129,19.04080968,999.9,0,0,9996.537419,0,0.221023,1599.973548,0.974998935,0.025001513,0,2.218841935,0,15050.15161,14006.19355,36.94106452,39,38.187,37.312,36.61077419,1559.972581,40.00096774,0,1642801288,0,2.225128,-0.211407698,-10.64615381,15050.088,15,1642801329,13:42:09,1642801327,1642801329,25,-1.638,0.002,-27.128,-1.193,1800,0,0.07,0.02,100,100,-27.128,-1.193,-24.29886908,-0.000918359,-1.96E-08,9.04E-11,-1.184296183,-0.010008516,0.001251034,-1.20E-05,1,2100,2,24,4.7,4.6,2.48169,2.36084,1.04614,2.0874,1.0437,2.2937,34.8296,24.035,18,175.715,476.985,14.0003,24.9368,30.0001,24.9687,24.928,49.6588,89.4539,0,14,1800,0,100.697,95.7989,NA
2,1,1642802230,0,20220121 13:57:10,13:57:10,15,NA,1642802222,0.004448219,4.448218755,14.35269497,352.5036176,268.3302288,27.5702765,36.21888688,0.314032568,2.973979159,0.296704987,0.186917713,257.6793286,23.8062878,23.20390333,2.85470958,46.45416961,1.345799196,2.897047148,1.508910384,-196.1664471,39.09456993,2.733998582,103.34145,0,0,1,0,54897,-,-,0,0,0,0,-,-,0,0,0,0.5,0,0,0,0,0,0,-,0,0,0,0,0,0,0,0,1,1600.024,1345.2199,0.840749826,0.161047165,6,0.5,0: Broadleaf,2,1642802222,352.5036333,400.0031333,13.09811333,0.000662692,369.2926333,14.29711333,201.1058,102.6475333,0.10002746,23.44773667,23.20390333,999.9,0,0,9990.978333,0,0.221023,1600.024,0.9750044,0.02499521,0,2.276743333,0,14999.80667,14006.67,37.562,39.375,38.66426667,37.8162,37.4496,1560.032667,39.99133333,0,1642802229,0,2.268326923,-0.224762391,28.28376069,14999.81154,15,1642802271,13:57:50,1642802266,1642802271,26,9.526,-0.006,-16.789,-1.199,400,0,0.04,0.01,100,100,-16.789,-1.199,-25.93552961,-0.000918359,-1.96E-08,9.04E-11,-1.182616166,-0.010008516,0.001251034,-1.20E-05,1,2100,2,24,15.1,15,0.750732,2.3877,1.04614,2.0874,1.04248,2.28638,34.5549,24.0612,18,176.325,475.824,21.0003,24.9955,30.0001,24.994,24.9469,15.068,89.5372,0,21,400,0,100.692,95.8002,NA
2,2,1642802538,308.0999999,20220121 14:02:18,14:02:18,15,NA,1642802530,0.004516518,4.516518143,11.47766721,262.2125036,196.6439981,20.20354801,26.94017085,0.320984385,2.973034596,0.302899455,0.190852056,257.6729356,23.8754873,23.26919355,2.865992731,46.89058739,1.365564098,2.912235001,1.500428633,-199.1784501,42.51564003,2.976477852,103.9866034,0,0,1,0,54826,-,-,0,0,0,0,-,-,0,0,0,0.5,0,0,0,0,0,0,-,0,0,0,0,0,0,0,0,1,1599.984194,1345.186442,0.840749832,0.161047176,6,0.5,0: Broadleaf,2,1642802530,262.2125161,299.9915161,13.29122903,-0.005427392,277.4565161,14.49022903,201.095129,102.6417097,0.100037906,23.53444839,23.26919355,999.9,0,0,9986.207419,0,0.221023,1599.984194,0.97500529,0.024994342,0,2.262090323,0,14986.46452,14006.32581,37.73780645,39.5,38.812,37.937,37.625,1559.993548,39.99064516,0,1642802538,0,2.24715,0.605808555,18.11623928,14986.79615,15,1642802579,14:02:58,1642802556,1642802579,27,1.453,0,-15.244,-1.199,300,0,0.03,0.01,100,100,-15.244,-1.199,-16.40899001,-0.000918359,-1.96E-08,9.04E-11,-1.188699297,-0.010008516,0.001251034,-1.20E-05,1,2100,2,24,4.5,4.5,0.611572,2.41455,1.04614,2.0874,1.04248,2.12646,34.4864,24.0525,18,176.694,476.622,21.0001,25.0418,30,25.0298,24.9784,12.2818,89.5122,0,21,300,0,100.683,95.7945,NA
2,3,1642802854,623.5999999,20220121 14:07:33,14:07:33,15,NA,1642802846,0.004664356,4.664356027,7.758318299,174.4545399,132.5159528,13.61576603,17.92487732,0.340842431,2.975721002,0.32054377,0.202062795,257.6710654,23.89369161,23.31109355,2.873254226,48.22738775,1.409285032,2.92216746,1.463969195,-205.6981008,44.89525696,3.141798971,100.0100205,0,0,1,0,54775,-,-,0,0,0,0,-,-,0,0,0,0.5,0,0,0,0,0,0,-,0,0,0,0,0,0,0,0,1,1599.972581,1345.176678,0.840749832,0.161047176,6,0.5,0: Broadleaf,2,1642802846,174.4545484,200.0322903,13.71591935,-0.010962929,188.1435484,14.91191935,201.0819355,102.6481613,0.099966281,23.59094194,23.31109355,999.9,0,0,10000.76516,0,0.221023,1599.972581,0.975005548,0.02499409,0,2.289074194,0,15036.74516,14006.22903,37.82012903,39.659,38.937,38.09858065,37.75,1559.980968,39.99032258,0,1642802853,0,2.31826,-0.507746164,14.57692318,15037.072,15,1642802894,14:08:14,1642802875,1642802894,28,1.463,0.003,-13.689,-1.196,200,0,0.07,0.01,100,100,-13.689,-1.196,-14.95568922,-0.000918359,-1.96E-08,9.04E-11,-1.18843102,-0.010008516,0.001251034,-1.20E-05,1,2100,2,24,5,4.6,0.46875,2.40723,1.04614,2.0874,1.04248,2.49023,34.3952,24.0612,18,176.735,476.177,21.0002,25.0882,30.0001,25.072,25.0184,9.40754,89.5054,0,21,200,0,100.679,95.7895,NA
2,4,1642803162,932.0999999,20220121 14:12:42,14:12:42,15,NA,1642803154,0.004809932,4.809931868,3.340620276,88.7503512,71.43187823,7.338884568,9.118178032,0.364160358,2.977063366,0.341099868,0.215137506,257.670582,23.87039707,23.29153871,2.869863268,49.63208405,1.451575719,2.924672109,1.418287548,-212.1179954,50.33624862,3.520879883,99.40971512,0,0,1,0,55068,-,-,0,0,0,0,-,-,0,0,0,0.5,0,0,0,0,0,0,-,0,0,0,0,0,0,0,0,1,1599.969677,1345.174229,0.840749827,0.161047166,6,0.5,0: Broadleaf,2,1642803154,88.75035484,99.99136774,14.12868387,-0.01983391,101.2103548,15.32468387,201.0941613,102.6396452,0.099982442,23.60516129,23.29153871,999.9,0,0,10009.18968,0,0.221023,1599.969677,0.975005935,0.024993713,0,2.265722581,0,15246.79677,14006.21613,37.937,39.74593548,39.038,38.175,37.812,1559.979355,39.99,0,1642803162,0,2.237992308,-0.697764112,7.292307734,15247.06538,15,1642803203,14:13:22,1642803189,1642803203,29,1.136,-0.001,-12.46,-1.196,100,0,0.1,0.01,100,100,-12.46,-1.196,-13.49238157,-0.000918359,-1.96E-08,9.04E-11,-1.185636694,-0.010008516,0.001251034,-1.20E-05,1,2100,2,24,4.8,4.5,0.319824,2.42554,1.04614,2.0874,1.04248,2.46582,34.3269,24.0612,18,176.963,477.04,21.0001,25.1093,30,25.0911,25.0378,6.4486,89.4974,0,21,100,0,100.676,95.7902,NA
2,5,1642803494,1263.6,20220121 14:18:13,14:18:13,15,NA,1642803486,0.00496571,4.965710254,0.935077182,46.52234736,41.50814255,4.264573856,4.779736555,0.391013278,2.976697068,0.364555931,0.230075192,257.676658,23.83637637,23.27550968,2.867086322,51.17907173,1.497353942,2.925715319,1.36973238,-218.9878222,53.85232565,3.767090614,96.30825209,0,0,1,0,54545,-,-,0,0,0,0,-,-,0,0,0,0.5,0,0,0,0,0,0,-,0,0,0,0,0,0,0,0,1,1600.007742,1345.206204,0.840749809,0.161047132,6,0.5,0: Broadleaf,2,1642803486,46.52234839,50.00158065,14.5741129,-0.025969939,58.57134839,15.7711129,201.095,102.6406452,0.100012313,23.61108065,23.27550968,999.9,0,0,10007.01935,0,0.221023,1600.007742,0.97500671,0.024992958,0,2.304519355,0,15440.23548,14006.54516,38,39.754,39.07419355,38.19919355,37.875,1560.016774,39.99,0,1642803493,0,2.326961538,1.615876922,15.26153858,15440.20769,15,1642803534,14:18:54,1642803525,1642803534,30,0.364,-0.001,-12.049,-1.197,50,0,0.29,0.01,100,100,-12.049,-1.197,-12.35635256,-0.000918359,-1.96E-08,9.04E-11,-1.186180348,-0.010008516,0.001251034,-1.20E-05,1,2100,2,24,5.1,4.8,0.247803,2.46948,1.04614,2.0874,1.04248,2.18018,34.2587,24.0612,18,177.169,477.168,20.9999,25.1051,30.0001,25.0931,25.0394,4.98935,89.4958,0,21,50,0,100.677,95.788,NA
2,6,1642803950,1720,20220121 14:25:50,14:25:50,15,NA,1642803942,0.005137004,5.137003956,14.75575348,350.6056172,284.7475882,29.2537044,36.01966623,0.425053627,2.974880141,0.393967862,0.248833129,257.6777086,23.80516115,23.25191667,2.863003232,53.01338217,1.5522046,2.927948636,1.310798632,-226.5418745,59.63474171,4.173900889,94.94447674,0,0,1,0,54983,-,-,0,0,0,0,-,-,0,0,0,0.5,0,0,0,0,0,0,-,0,0,0,0,0,0,0,0,1,1600.014333,1345.21174,0.840749806,0.161047125,6,0.5,0: Broadleaf,2,1642803942,350.6056333,400.0051333,15.10873667,0.013361337,367.2766333,16.31073667,201.0969667,102.6356,0.099965153,23.62374667,23.25191667,999.9,0,0,9997.233667,0,0.221023,1600.014333,0.975006933,0.02499274,0,2.297123333,0,15522.49,14006.60333,38.062,39.875,39.16633333,38.312,37.937,1560.024333,39.99,0,1642803950,0,2.291276,-0.521184622,59.6999999,15523.132,15,1642803991,14:26:30,1642803971,1642803991,32,0.059,0.002,-16.671,-1.202,400,0,0.03,0.02,100,100,-16.671,-1.202,-16.35016237,-0.000918359,-1.96E-08,9.04E-11,-1.193675839,-0.010008516,0.001251034,-1.20E-05,1,2100,2,24,2.5,2.3,0.750732,2.38281,1.04614,2.0874,1.04248,2.47803,34.1905,24.0612,18,177.316,478.08,21,25.1114,30,25.0952,25.0415,15.0732,89.4212,0,21,400,0,100.672,95.7844,NA
2,7,1642804254,2024,20220121 14:30:54,14:30:54,15,NA,1642804246,0.005238605,5.238604961,17.69266449,538.7971806,460.9916637,47.3583843,55.351465,0.447392758,2.976135194,0.413108155,0.261053646,257.6738636,23.76499919,23.21534667,2.856684351,54.07973595,1.582094506,2.925484894,1.274589845,-231.0224788,63.28552223,4.426423057,94.3633301,0,0,1,0,54835,-,-,0,0,0,0,-,-,0,0,0,0.5,0,0,0,0,0,0,-,0,0,0,0,0,0,0,0,1,1599.99,1345.19132,0.84074983,0.161047171,6,0.5,0: Broadleaf,2,1642804246,538.7972,600.0065667,15.40028,0.01103644,558.0152,16.60128,201.0987333,102.6315667,0.09997498,23.60977333,23.21534667,999.9,0,0,10004.72533,0,0.221023,1599.99,0.975005333,0.0249943,0,2.263976667,0,15701.32333,14006.38,38.062,39.875,39.187,38.312,37.937,1559.999333,39.99066667,0,1642804254,0,2.276638462,0.084724791,-4.711111096,15701.22308,15,1642804295,14:31:34,1642804278,1642804295,33,-2.372,0.001,-19.218,-1.201,600,0,0.03,0.01,100,100,-19.218,-1.201,-16.29105019,-0.000918359,-1.96E-08,9.04E-11,-1.191672007,-0.010008516,0.001251034,-1.20E-05,1,2100,2,24,4.7,4.4,1.01685,2.38037,1.04614,2.0874,1.04248,2.23267,34.1678,24.0612,18,177.299,478.398,20.9995,25.1135,30.0002,25.0995,25.0479,20.4118,89.3276,0,21,600,0,100.669,95.7862,NA
2,8,1642804583,2352.5,20220121 14:36:22,14:36:22,15,NA,1642804575,0.005303794,5.303793968,18.37507313,831.9985605,747.7142214,76.81373519,85.47238407,0.459645756,2.975728397,0.423534139,0.267716505,257.6784162,23.75469975,23.23237742,2.859625553,54.70761363,1.60108027,2.926613252,1.258545282,-233.897314,61.57154522,4.307640544,89.66028793,0,0,1,0,54746,-,-,0,0,0,0,-,-,0,0,0,0.5,0,0,0,0,0,0,-,0,0,0,0,0,0,0,0,1,1600.018065,1345.214932,0.84074984,0.161047192,6,0.5,0: Broadleaf,2,1642804575,831.9985806,899.986,15.58510968,0.007868138,854.0625806,16.78610968,201.1062258,102.6314194,0.099989245,23.61617419,23.23237742,999.9,0,0,10002.43839,0,0.221023,1600.018065,0.975004903,0.024994719,0,2.28343871,0,15539.52581,14006.62581,38.062,39.875,39.187,38.312,37.94919355,1560.026129,39.99193548,0,1642804582,0,2.265128,0.160269219,-2.353846109,15539.4,15,1642804623,14:37:03,1642804623,1642804623,34,-2.607,0,-22.064,-1.201,900,0,0.02,0.01,100,100,-22.064,-1.201,-18.6635,-0.000918359,-1.96E-08,9.04E-11,-1.19085106,-0.010008516,0.001251034,-1.20E-05,1,2100,2,24,5.1,4.8,1.40137,2.37549,1.04614,2.0874,1.04248,2.20337,34.1225,24.0612,18,177.358,479.299,21,25.1177,30.0001,25.1037,25.0521,28.0796,89.4056,0,21,900,0,100.67,95.784,NA
2,9,1642804952,2722,20220121 14:42:32,14:42:32,15,NA,1642804944,0.005273534,5.273533668,17.6071013,1129.703949,1041.433885,106.9893579,116.0575835,0.453404159,2.975660352,0.418225682,0.264323878,257.6802837,23.74321481,23.21210323,2.856124511,54.34971183,1.588759856,2.923216707,1.267364654,-232.5628347,61.73056109,4.318000042,91.1660101,0,0,1,0,55027,-,-,0,0,0,0,-,-,0,0,0,0.5,0,0,0,0,0,0,-,0,0,0,0,0,0,0,0,1,1600.03,1345.224939,0.840749823,0.161047158,6,0.5,0: Broadleaf,2,1642804944,1129.703968,1200.016129,15.46498065,-0.026846939,1153.390968,16.65898065,201.0858387,102.6328387,0.099902629,23.5969,23.21210323,999.9,0,0,10001.91516,0,0.221023,1600.03,0.975004645,0.024994971,0,2.341145161,0,15425.2,14006.73226,38.062,39.86483871,39.183,38.25,37.937,1560.03871,39.99129032,0,1642804952,0,2.358796,0.808061532,43.3615384,15425.576,15,1642804993,14:43:12,1642804993,1642804993,35,-1.429,0.007,-23.687,-1.194,1200,0,0.06,0.01,100,100,-23.687,-1.194,-21.27076194,-0.000918359,-1.96E-08,9.04E-11,-1.191074096,-0.010008516,0.001251034,-1.20E-05,1,2100,2,24,5.5,5.5,1.77124,2.37061,1.04614,2.0874,1.04248,2.2583,34.0545,24.0612,18,177.206,480.478,21.0002,25.0902,30,25.0805,25.031,35.4702,89.4541,0,21,1200,0,100.676,95.7885,NA
2,10,1642805273,3042.5,20220121 14:47:52,14:47:52,15,NA,1642805265,0.005154036,5.154035887,17.26366159,1426.57211,1329.599277,136.5916674,146.5538276,0.429502252,2.974566978,0.397785329,0.25127001,257.67946,23.77126598,23.22653548,2.858616355,53.24260576,1.556143262,2.922740614,1.302473093,-227.2929826,58.95994949,4.125958816,93.47238568,0,0,1,0,55017,-,-,0,0,0,0,-,-,0,0,0,0.5,0,0,0,0,0,0,-,0,0,0,0,0,0,0,0,1,1600.024839,1345.220603,0.840749825,0.161047162,6,0.5,0: Broadleaf,2,1642805265,1426.572129,1500.017097,15.14768065,0.003059046,1451.956129,16.34668065,201.0996774,102.6314839,0.099970455,23.59419677,23.22653548,999.9,0,0,9995.863871,0,0.221023,1600.024839,0.975004903,0.024994719,0,2.285490323,0,15400.95484,14006.6871,38.058,39.8363871,39.163,38.25,37.937,1560.033548,39.99129032,0,1642805272,0,2.29614,-0.3713077,14.40769226,15400.944,15,1642805313,14:48:33,1642805313,1642805313,36,-1.559,-0.004,-25.384,-1.199,1500,0,0.04,0.01,100,100,-25.384,-1.199,-22.69908288,-0.000918359,-1.96E-08,9.04E-11,-1.184448079,-0.010008516,0.001251034,-1.20E-05,1,2100,2,24,4.7,4.7,2.13013,2.35107,1.04614,2.0874,1.04248,2.52686,34.0092,24.0612,18,177.202,480.98,20.9998,25.0713,30,25.0614,25.0121,42.6603,89.3856,0,21,1500,0,100.674,95.7924,NA
2,11,1642805811,3580.6,20220121 14:56:50,14:56:50,15,NA,1642805803,0.004844232,4.844232044,17.1435372,1723.833981,1608.52533,165.2720044,177.1196835,0.370514622,2.974525017,0.346651661,0.218673081,257.6731866,23.87235612,23.27028333,2.866181393,49.90833821,1.460583194,2.92653141,1.405598199,-213.6306331,55.39351586,3.877718197,103.3137875,0,0,1,0,54758,-,-,0,0,0,0,-,-,0,0,0,0.5,0,0,0,0,0,0,-,0,0,0,0,0,0,0,0,1,1599.986,1345.18794,0.840749819,0.161047151,6,0.5,0: Broadleaf,2,1642805803,1723.834,1799.903333,14.21526333,-0.033442973,1750.849,15.40626333,201.0864667,102.6475,0.100029877,23.61571,23.27028333,999.9,0,0,9994.067,0,0.221023,1599.986,0.975005067,0.02499456,0,2.262556667,0,15383.42,14006.36333,38.01653333,39.833,39.125,38.25,37.937,1559.996,39.99,0,1642805810,0,2.271257692,-1.176960694,-4.724786307,15383.3,15,1642805851,14:57:31,1642805850,1642805851,37,-1.562,0.007,-27.015,-1.191,1800,0,0.05,0.01,100,100,-27.015,-1.191,-24.25867387,-0.000918359,-1.96E-08,9.04E-11,-1.188331709,-0.010008516,0.001251034,-1.20E-05,1,2100,2,24,8.3,8.3,2.47803,2.33643,1.04614,2.0874,1.04248,2.39258,33.9865,24.0612,18,177.07,481.657,21,25.065,30.0001,25.0488,24.9994,49.6204,89.4953,0,21,1800,0,100.674,95.7895,NA
3,1,1642806645,0,20220121 15:10:44,15:10:44,15,NA,1642806637,0.005877942,5.877941855,15.19991681,348.4979831,262.7908599,26.99859809,35.80397349,0.3341665,2.977096447,0.314639217,0.198308802,257.6781185,27.94943786,27.28617,3.639759444,46.78198348,1.770997721,3.785640516,1.868761724,-259.2172358,107.8894576,7.869756818,114.2200971,0,0,1,0,53940,-,-,0,0,0,0,-,-,0,0,0,0.5,0,0,0,0,0,0,-,0,0,0,0,0,0,0,0,1,1600.01,1345.208671,0.840750165,0.161047818,6,0.5,0: Broadleaf,2,1642806637,348.498,399.9620667,17.23800667,0.002274564,365.168,18.44100667,201.0921667,102.638,0.09996472,27.95837333,27.28617,999.9,0,0,10009.53733,0,0.221023,1600.01,0.974996033,0.02500359,0,2.317193333,0,15525.57667,14006.51333,38.45,40.01626667,39.28733333,38.55393333,38.4746,1560,40.009,0,1642806644,0,2.299157692,-0.9314017,23.75042734,15525.56538,15,1642806685,15:11:25,1642806664,1642806685,39,0.062,-0.001,-16.67,-1.203,400,0,0.03,0.01,100,100,-16.67,-1.203,-16.35238064,-0.000918359,-1.96E-08,9.04E-11,-1.191313392,-0.010008516,0.001251034,-1.20E-05,1,2100,2,24,1.4,1.2,0.750732,2.40234,1.04614,2.08862,1.0437,2.2168,33.9639,24.0525,18,177.734,479.767,28.0002,25.2944,30,25.2118,25.1322,15.0578,89.0862,0,28,400,0,100.645,95.7651,NA
3,2,1642807110,465.5,20220121 15:18:30,15:18:30,15,NA,1642807102,0.006157395,6.157394874,12.03019289,259.3303415,196.6417554,20.20283513,26.64341621,0.362664352,2.975930896,0.339778441,0.214297273,257.6765134,28.01401822,27.39186774,3.662367533,48.49565672,1.850498737,3.815803027,1.811868795,-271.5411139,112.7343612,8.236310598,107.1060713,0,0,1,0,53916,-,-,0,0,0,0,-,-,0,0,0,0.5,0,0,0,0,0,0,-,0,0,0,0,0,0,0,0,1,1599.999355,1345.199777,0.8407502,0.161047886,6,0.5,0: Broadleaf,2,1642807102,259.3303548,299.9877097,18.01159677,-0.028650039,274.5473548,19.21359677,201.1000323,102.6392903,0.100003726,28.09453226,27.39186774,999.9,0,0,10002.81677,0,0.221023,1599.999355,0.974991065,0.025008487,0,2.28306129,0,15501.65806,14006.40645,38.75,40.304,39.75,38.812,38.937,1559.98871,40.01064516,0,1642807110,0,2.274646154,-0.421497438,18.37606828,15501.86538,15,1642807151,15:19:10,1642807139,1642807151,40,1.363,0,-15.217,-1.202,300,0,0.04,0.01,100,100,-15.217,-1.202,-16.29061953,-0.000918359,-1.96E-08,9.04E-11,-1.192414185,-0.010008516,0.001251034,-1.20E-05,1,2100,2,24,7.4,7.1,0.611572,2.40723,1.04614,2.0874,1.04248,2.41211,33.9413,24.0612,18,178.228,479.897,28.0001,25.4024,30.0002,25.3183,25.2417,12.2751,89.4034,0,28,300,0,100.629,95.7512,NA
3,3,1642807469,823.9000001,20220121 15:24:28,15:24:28,15,NA,1642807461,0.006394058,6.394057835,7.906409492,173.1090579,134.9336119,13.86266022,17.78468698,0.396160466,2.972217396,0.368990005,0.232904439,257.6720617,27.94650007,27.34344667,3.6519954,50.33655959,1.919992285,3.814309719,1.732003115,-281.9779505,119.2759631,8.72272615,103.6928004,0,0,1,0,54130,-,-,0,0,0,0,-,-,0,0,0,0.5,0,0,0,0,0,0,-,0,0,0,0,0,0,0,0,1,1599.971333,1345.17625,0.84075022,0.161047924,6,0.5,0: Broadleaf,2,1642807461,173.1090667,200.0010333,18.68844,-0.032309447,186.7480667,19.88844,201.0997333,102.6368667,0.100027617,28.08781333,27.34344667,999.9,0,0,9982.062,0,0.221023,1599.971333,0.974991133,0.02500842,0,2.29704,0,15550.06,14006.16333,38.875,40.375,39.875,38.8874,39.0124,1559.960333,40.011,0,1642807468,0,2.289376,-0.538023068,12.97692302,15550.4,15,1642807509,15:25:09,1642807488,1642807509,41,1.485,0.002,-13.639,-1.2,200,0,0.04,0.01,100,100,-13.639,-1.2,-14.92783894,-0.000918359,-1.96E-08,9.04E-11,-1.192157114,-0.010008516,0.001251034,-1.20E-05,1,2100,2,24,5.5,5.3,0.467529,2.4292,1.04614,2.08862,1.0437,2.2644,33.9413,24.0612,18,178.305,479.569,27.9999,25.4331,30.0001,25.3546,25.2808,9.38745,89.2602,0,28,200,0,100.621,95.7448,NA
3,4,1642807730,1085.4,20220121 15:28:50,15:28:50,15,NA,1642807722,0.006571798,6.57179799,3.154996978,88.84083521,73.88068383,7.590323588,9.127293524,0.421040591,2.97555765,0.390522857,0.246634099,257.6765321,27.91810954,27.35933226,3.655395375,51.69801891,1.973871515,3.818079602,1.681523861,-289.8162914,119.5819837,8.736719869,96.1789443,0,0,1,0,54021,-,-,0,0,0,0,-,-,0,0,0,0.5,0,0,0,0,0,0,-,0,0,0,0,0,0,0,0,1,1599.999355,1345.199787,0.840750206,0.161047897,6,0.5,0: Broadleaf,2,1642807722,88.84083871,99.99584194,19.21274839,-0.017802194,101.2738387,20.41674839,201.103,102.6376129,0.099979594,28.10477097,27.35933226,999.9,0,0,10000.86903,0,0.221023,1599.999355,0.974991581,0.025007984,0,2.236980645,0,15755.58387,14006.39677,38.937,40.437,39.937,38.937,39.06606452,1559.988387,40.01096774,0,1642807730,0,2.269452,0.47483846,12.83846165,15755.836,15,1642807771,15:29:30,1642807756,1642807771,42,1.114,-0.003,-12.433,-1.204,100,0,0.12,0.01,100,100,-12.433,-1.204,-13.44307731,-0.000918359,-1.96E-08,9.04E-11,-1.190163276,-0.010008516,0.001251034,-1.20E-05,1,2100,2,24,4,3.7,0.319824,2.44019,1.04614,2.0874,1.04248,2.24854,33.9413,24.0612,18,178.586,479.637,27.9998,25.4499,30.0002,25.3739,25.3,6.4336,89.2355,0,28,100,0,100.621,95.7449,NA
3,5,1642807940,1295.4,20220121 15:32:20,15:32:20,15,NA,1642807932,0.00668464,6.684640442,0.592591413,47.28258601,43.80110406,4.499859973,4.857526328,0.441186771,2.97378498,0.407784478,0.257655299,257.6750216,27.87506301,27.30854667,3.644535483,52.60287895,2.006780802,3.814963824,1.637754681,-294.7926435,125.4060159,9.164726832,97.45312083,0,0,1,0,53925,-,-,0,0,0,0,-,-,0,0,0,0.5,0,0,0,0,0,0,-,0,0,0,0,0,0,0,0,1,1599.99,1345.19192,0.840750205,0.161047895,6,0.5,0: Broadleaf,2,1642807932,47.28258667,49.99375333,19.53376667,-0.021611307,59.33358667,20.73876667,201.0924333,102.6339333,0.10000613,28.09075667,27.30854667,999.9,0,0,9991.204667,0,0.221023,1599.99,0.9749914,0.02500816,0,2.188463333,0,15945.59667,14006.32667,38.9517,40.5,39.9895,39,39.125,1559.979333,40.01066667,0,1642807940,0,2.185116,0.534792308,27.96923074,15945.784,15,1642807981,15:33:00,1642807966,1642807981,43,0.336,-0.001,-12.051,-1.205,50,0,0.23,0.01,100,100,-12.051,-1.205,-12.32949479,-0.000918359,-1.96E-08,9.04E-11,-1.193431131,-0.010008516,0.001251034,-1.20E-05,1,2100,2,24,3.1,2.8,0.247803,2.47437,1.04614,2.0874,1.0437,2.20459,33.8961,24.0525,18,178.557,479.847,27.9998,25.4581,30,25.3824,25.3085,4.97703,89.2096,0,28,50,0,100.62,95.7464,NA
3,6,1642808399,1753.9,20220121 15:39:58,15:39:58,15,NA,1642808391,0.006879918,6.879917918,15.95253007,345.348305,280.1752544,28.78404114,35.47964947,0.47825493,2.974907479,0.439282987,0.277788216,257.6744025,27.80680739,27.2361871,3.6291109,54.17830113,2.064680262,3.810898863,1.564430638,-303.4043802,134.1238239,9.793701603,98.18754788,0,0,1,0,54375,-,-,0,0,0,0,-,-,0,0,0,0.5,0,0,0,0,0,0,-,0,0,0,0,0,0,0,0,1,1599.986129,1345.188668,0.840750206,0.161047898,6,0.5,0: Broadleaf,2,1642808391,345.3483226,400.0355161,20.09698065,-0.018254258,361.9893226,21.30398065,201.0909355,102.6359032,0.099940445,28.07245806,27.2361871,999.9,0,0,9997.35871,0,0.221023,1599.986129,0.974990935,0.025008613,0,2.256254839,0,15992.53871,14006.28065,39,40.562,40.004,39.062,39.129,1559.975484,40.01064516,0,1642808398,0,2.269244,-0.141707705,56.56923073,15993.352,15,1642808439,15:40:39,1642808424,1642808439,44,-4.267,-0.002,-16.641,-1.207,400,0,0.03,0.01,100,100,-16.641,-1.207,-11.99359784,-0.000918359,-1.96E-08,9.04E-11,-1.194517629,-0.010008516,0.001251034,-1.20E-05,1,2100,2,24,7.2,7,0.750732,2.40601,1.04614,2.08862,1.04248,2.14844,33.8509,24.0525,18,178.756,480.284,27.9998,25.4366,30.0001,25.3675,25.2978,15.0515,89.064,0,28,400,0,100.618,95.75,NA
3,7,1642808770,2124.9,20220121 15:46:09,15:46:09,15,NA,1642808762,0.007028323,7.028322773,20.02733063,529.1873778,449.1026771,46.14107822,54.36902836,0.506532406,2.976141618,0.463056357,0.293004776,257.679918,27.75774439,27.21352333,3.624291494,55.36131671,2.10838847,3.808414602,1.515903025,-309.9490343,136.0202033,9.926379996,93.67746696,0,0,1,0,53999,-,-,0,0,0,0,-,-,0,0,0,0.5,0,0,0,0,0,0,-,0,0,0,0,0,0,0,0,1,1600.024667,1345.22071,0.840749982,0.161047466,6,0.5,0: Broadleaf,2,1642808762,529.1874,600.0443333,20.52147333,-0.019781733,548.4394,21.72647333,201.0809333,102.6406667,0.099932677,28.06126667,27.21352333,999.9,0,0,10003.87467,0,0.221023,1600.024667,0.974998333,0.025001423,0,2.386136667,0,16256.60333,14006.66333,39,40.562,40.01653333,39.05373333,39.13326667,1560.024667,39.99966667,0,1642808769,0,2.348308,-0.315438439,18.75384622,16256.46,15,1642808810,15:46:50,1642808800,1642808810,45,-2.436,0.001,-19.252,-1.205,600,0,0.03,0.01,100,100,-19.252,-1.205,-16.26098966,-0.000918359,-1.96E-08,9.04E-11,-1.196435369,-0.010008516,0.001251034,-1.20E-05,1,2100,2,24,5.8,5.5,1.01685,2.37793,1.04614,2.0874,1.04248,2.51831,33.8735,24.0612,18,178.678,480.481,27.9999,25.4174,30.0002,25.3482,25.2808,20.3983,89.1097,0,28,600,0,100.622,95.7505,NA
3,8,1642809140,2495,20220121 15:52:19,15:52:19,15,NA,1642809132,0.00705862,7.058619884,21.75166646,817.9066759,725.9532051,74.58959716,84.03755095,0.511779419,2.975251059,0.467428138,0.295806415,257.6773399,27.75958936,27.21349667,3.624285827,55.53099772,2.116046686,3.810568462,1.508239141,-311.2851369,137.5402105,10.04079555,93.97320901,0,0,1,0,54061,-,-,0,0,0,0,-,-,0,0,0,0.5,0,0,0,0,0,0,-,0,0,0,0,0,0,0,0,1,1600.009,1345.20751,0.840749965,0.161047432,6,0.5,0: Broadleaf,2,1642809132,817.9067,900.0348,20.59470667,-0.032828577,839.9857,21.79870667,201.088,102.6471333,0.099981257,28.07097,27.21349667,999.9,0,0,9998.207667,0,0.221023,1600.009,0.974998933,0.02500078,0,2.32998,0,16072.92,14006.51333,39.05786667,40.5788,40.062,39.062,39.187,1560.010667,39.99833333,0,1642809139,0,2.350530769,-0.207241017,-25.43931632,16072.78846,15,1642809180,15:53:00,1642809180,1642809180,46,-2.589,0.001,-22.079,-1.204,900,0,0.04,0.01,100,100,-22.079,-1.204,-18.69718257,-0.000918359,-1.96E-08,9.04E-11,-1.195289689,-0.010008516,0.001251034,-1.20E-05,1,2100,2,24,5.7,5.5,1.39893,2.35474,1.04614,2.0874,1.04248,2.43896,33.9187,24.0612,18,178.948,481.498,28.0001,25.4366,30.0002,25.3632,25.2936,28.0511,89.1113,0,28,900,0,100.616,95.7456,NA
3,9,1642809462,2817,20220121 15:57:41,15:57:41,15,NA,1642809454,0.00696053,6.960530265,21.11184482,1113.860643,1014.218555,104.2096297,114.4477239,0.493862926,2.97605038,0.452438209,0.286205611,257.6773478,27.78153319,27.21228,3.624027263,54.78498235,2.087223567,3.809846198,1.536803696,-306.9593847,137.2503889,10.0167232,97.98507524,0,0,1,0,54062,-,-,0,0,0,0,-,-,0,0,0,0.5,0,0,0,0,0,0,-,0,0,0,0,0,0,0,0,1,1600.004333,1345.20398,0.84075021,0.161047906,6,0.5,0: Broadleaf,2,1642809454,1113.860667,1199.980333,20.31387,-0.031307483,1137.521667,21.51687,201.1032333,102.6487,0.099991763,28.06771667,27.21228,999.9,0,0,10002.57567,0,0.221023,1600.004333,0.9749906,0.02500894,0,2.283023333,0,15867.96667,14006.45,39.062,40.562,40.062,39.062,39.187,1559.993,40.01133333,0,1642809461,0,2.264344,-0.556861533,58.18461539,15868.476,15,1642809502,15:58:22,1642809496,1642809502,47,-1.388,0.002,-23.661,-1.203,1200,0,0.04,0.01,100,100,-23.661,-1.203,-21.28583274,-0.000918359,-1.96E-08,9.04E-11,-1.194344225,-0.010008516,0.001251034,-1.20E-05,1,2100,2,24,4.7,4.7,1.77002,2.34863,1.04614,2.0874,1.04248,2.50366,33.9639,24.0612,18,178.959,482.019,27.9999,25.4495,30.0001,25.3796,25.3106,35.4433,89.2275,0,28,1200,0,100.616,95.7444,NA
3,10,1642810151,3506.5,20220121 16:09:11,16:09:11,15,NA,1642810143,0.006499564,6.499563908,20.5253666,1411.404106,1291.531329,132.7083698,145.0256249,0.417161307,2.975774983,0.387183901,0.244503533,257.6782452,27.91221936,27.23347419,3.628533712,51.15792889,1.950474858,3.812654069,1.678058854,-286.6307684,135.8660807,9.91828609,116.8318436,0,0,1,0,54070,-,-,0,0,0,0,-,-,0,0,0,0.5,0,0,0,0,0,0,-,0,0,0,0,0,0,0,0,1,1600.010323,1345.208981,0.840750189,0.161047864,6,0.5,0: Broadleaf,2,1642810143,1411.404129,1500.014194,18.98221935,-0.041880142,1436.726129,20.18121935,201.0982258,102.6527419,0.099987929,28.08036129,27.23347419,999.9,0,0,10000.62419,0,0.221023,1600.010323,0.97499171,0.025007858,0,2.279725806,0,15766.2129,14006.49032,39.046,40.562,40.062,39.062,39.187,1560,40.01032258,0,1642810151,0,2.298946154,-0.425046148,5.911111128,15766.28077,15,1642810192,16:09:51,1642810187,1642810192,48,-1.523,0.003,-25.322,-1.199,1500,0,0.03,0.01,100,100,-25.322,-1.199,-22.67396764,-0.000918359,-1.96E-08,9.04E-11,-1.192704841,-0.010008516,0.001251034,-1.20E-05,1,2100,2,24,10.9,10.8,2.12891,2.34131,1.04614,2.0874,1.04248,2.48169,33.9187,24.07,18,178.504,482.719,28.0003,25.4645,30.0001,25.3953,25.3293,42.6293,88.9839,0,28,1500,0,100.611,95.7411,NA
3,11,1642810462,3817.5,20220121 16:14:22,16:14:22,15,NA,1642810454,0.006206084,6.206083547,20.36011144,1707.666977,1569.976608,161.339298,175.4891059,0.376005081,2.975418996,0.351461645,0.221735018,257.6770578,27.99060789,27.23880333,3.629667598,48.86860715,1.863542901,3.81337429,1.766124697,-273.6882844,135.5150345,9.894266127,129.398074,0,0,1,0,54133,-,-,0,0,0,0,-,-,0,0,0,0.5,0,0,0,0,0,0,-,0,0,0,0,0,0,0,0,1,1600.003,1345.20282,0.840750186,0.161047859,6,0.5,0: Broadleaf,2,1642810454,1707.667,1800.027,18.13395,-0.045485417,1734.606,19.33095,201.1132667,102.6654333,0.09998186,28.08360333,27.23880333,999.9,0,0,9997.375,0,0.221023,1600.003,0.9749918,0.02500777,0,2.307976667,0,15752.00667,14006.43333,39,40.5,40.00826667,39,39.125,1559.993,40.01,0,1642810461,0,2.282973077,-0.554964103,2.229059834,15751.9,15,1642810503,16:15:02,1642810502,1642810503,49,-1.552,0.003,-26.939,-1.197,1800,0,0.03,0.01,100,100,-26.939,-1.197,-24.19622136,-0.000918359,-1.96E-08,9.04E-11,-1.189433062,-0.010008516,0.001251034,-1.20E-05,1,2100,2,24,4.6,4.5,2.47803,2.36084,1.04614,2.0874,1.0437,2.26074,33.9187,24.0612,18,178.26,483.558,28,25.4452,30.0002,25.376,25.3106,49.5882,89.3095,0,28,1800,0,100.615,95.746,NA
4,1,1642811721,0,20220121 16:35:21,16:35:21,15,NA,1642811715,0.008353123,8.353122749,16.20104833,343.0509383,267.6945323,27.51170074,35.25628511,0.425045411,2.977484209,0.393985858,0.248842338,257.6773184,31.95097479,31.33902174,4.599321747,50.54563892,2.495588905,4.93729817,2.103732842,-368.3727132,201.0504765,15.30804717,105.6631289,0,0,1,0,53333,-,-,0,0,0,0,-,-,0,0,0,0.5,0,0,0,0,0,0,-,0,0,0,0,0,0,0,0,1,1600.008261,1345.206939,0.840749996,0.161047493,6,0.5,0: Broadleaf,2,1642811715,343.0509565,399.948,24.28259565,-0.038854822,359.8609565,25.50059565,201.0641739,102.6728261,0.099914565,32.5915,31.33902174,999.9,0,0,10008.33609,0,0.221023,1600.008261,0.975001348,0.024998461,0,2.123043478,0,15588.1913,14006.53043,40.125,41.41004348,41.0053913,40,40.5,1560.008261,40,0,1642811721,0,2.14886,-0.130515384,4.115384579,15588.076,15,1642811762,16:36:01,1642811746,1642811762,50,9.318,-0.021,-16.81,-1.218,400,0,0.02,0.01,100,100,-16.81,-1.218,-25.7475,-0.000918359,-1.96E-08,9.04E-11,-1.18672916,-0.010008516,0.001251034,-1.20E-05,1,2100,2,24,20.3,20.3,0.749512,2.38403,1.04614,2.08862,1.04248,2.51587,33.8961,24.0525,18,179.989,480.505,35.0002,26.0256,30.0001,25.8361,25.7247,15.0434,88.8931,0,35,400,0,100.539,95.6728,NA
4,2,1642811992,271,20220121 16:39:52,16:39:52,15,NA,1642811984,0.008512545,8.512544542,12.44725174,256.3448526,201.2120629,20.67993713,26.34631025,0.447443801,2.977980214,0.413171198,0.261092149,257.6757872,31.88754933,31.28691667,4.585709181,51.5443477,2.541625679,4.930949352,2.044083501,-375.4032143,205.7840484,15.66008294,103.7167042,0,0,1,0,53166,-,-,0,0,0,0,-,-,0,0,0,0.5,0,0,0,0,0,0,-,0,0,0,0,0,0,0,0,1,1599.998667,1345.19888,0.840750001,0.161047501,6,0.5,0: Broadleaf,2,1642811984,256.3448667,299.9929333,24.72956,-0.040267973,271.7218667,25.94756,201.1003,102.6768667,0.099959097,32.56867,31.28691667,999.9,0,0,10010.749,0,0.221023,1599.998667,0.975001667,0.02499815,0,2.246943333,0,15601.95333,14006.43667,40.187,41.5,41.125,40.062,40.562,1559.998667,40,0,1642811991,0,2.267611538,0.004112826,2.133333286,15601.91538,15,1642812033,16:40:32,1642812015,1642812033,51,1.341,-0.001,-15.377,-1.218,300,0,0.05,0.01,100,100,-15.377,-1.218,-16.42985586,-0.000918359,-1.96E-08,9.04E-11,-0.905521529,0,0,0,1,2100,2,24,4.1,3.8,0.610352,2.39136,1.04614,2.08862,1.04248,2.38403,33.9187,24.0437,18,180.332,480.584,35.0003,26.0766,30.0001,25.8994,25.7905,12.2602,88.8302,0,35,300,0,100.524,95.6668,NA
4,3,1642812305,584.0999999,20220121 16:45:05,16:45:05,15,NA,1642812297,0.008700527,8.700527081,7.867194955,172.0636041,138.8752358,14.27232493,17.68312149,0.478248357,2.977853769,0.439312636,0.277803982,257.6762574,31.78240034,31.19089677,4.560715655,52.82146875,2.596224198,4.915092782,1.964491458,-383.6932443,212.0185668,16.12306389,102.1246438,0,0,1,0,53383,-,-,0,0,0,0,-,-,0,0,0,0.5,0,0,0,0,0,0,-,0,0,0,0,0,0,0,0,1,1600.001613,1345.201355,0.840749999,0.161047499,6,0.5,0: Broadleaf,2,1642812297,172.0636129,200.003871,25.26226452,-0.041856881,185.7766129,26.47826452,201.0913226,102.6709032,0.099938874,32.51153871,31.19089677,999.9,0,0,10010.61484,0,0.221023,1600.001613,0.975001774,0.024998045,0,2.257574194,0,15712.3871,14006.46774,40.24593548,41.528,41.171,40.062,40.62093548,1560.001613,40,0,1642812305,0,2.239680769,-0.019928197,-4.755555569,15712.38077,15,1642812346,16:45:45,1642812331,1642812346,52,1.572,0.002,-13.713,-1.216,200,0,0.02,0.01,100,100,-13.713,-1.216,-15.08860653,-0.000918359,-1.96E-08,9.04E-11,-0.906094031,0,0,0,1,2100,2,24,4.8,4.5,0.466309,2.40234,1.04614,2.0874,1.04248,2.52686,33.9187,24.0525,18,180.512,480.556,35,26.07,30.0001,25.9038,25.8014,9.37751,88.8983,0,35,200,0,100.516,95.6706,NA
4,4,1642812723,1002.1,20220121 16:52:03,16:52:03,15,NA,1642812715,0.009101688,9.101688287,2.818263867,89.16583015,77.29194553,7.943476978,9.163784326,0.521763914,2.976423859,0.475764882,0.301147213,257.678105,31.85068872,31.3851,4.611389103,54.71601013,2.715370217,4.962661222,1.896018886,-401.3844535,208.1792199,15.8671731,80.34004451,0,0,1,0,53037,-,-,0,0,0,0,-,-,0,0,0,0.5,0,0,0,0,0,0,-,0,0,0,0,0,0,0,0,1,1600.016333,1345.21346,0.84074983,0.161047172,6,0.5,0: Broadleaf,2,1642812715,89.16583333,99.99656333,26.42120667,-0.019026827,101.7238333,27.64620667,201.0847,102.6724,0.099977167,32.68245,31.3851,999.9,0,0,10002.379,0,0.221023,1600.016333,0.975004067,0.02499581,0,2.21871,0,15995.78,14006.60333,40.406,41.7416,41.312,40.30786667,40.7562,1560.025,39.99133333,0,1642812723,0,2.23324,0.706884616,3.723076937,15995.72,15,1642812764,16:52:43,1642812751,1642812764,53,1.062,-0.009,-12.558,-1.225,100,0,0.11,0.01,100,100,-12.558,-1.225,-13.51635933,-0.000918359,-1.96E-08,9.04E-11,-0.903736067,0,0,0,1,2100,2,24,6.5,6.3,0.319824,2.42554,1.04614,2.0874,1.04248,2.51465,33.9413,24.0525,18,180.699,479.935,35.0008,26.2738,30.0003,26.0425,25.9228,6.42792,88.6983,0,35,100,0,100.487,95.649,NA
4,5,1642813028,1307.1,20220121 16:57:08,16:57:08,15,NA,1642813020,0.009410224,9.410224039,0.140348378,48.22652651,46.43052161,4.771346671,4.955909792,0.568949257,2.974808806,0.514690219,0.326124051,257.6795075,31.84033865,31.38999333,4.612672227,56.23535986,2.801603678,4.981925402,1.811068549,-414.9908801,218.3170789,16.6549451,77.66065142,0,0,1,0,53386,-,-,0,0,0,0,-,-,0,0,0,0.5,0,0,0,0,0,0,-,0,0,0,0,0,0,0,0,1,1600.025,1345.22075,0.840749832,0.161047176,6,0.5,0: Broadleaf,2,1642813020,48.22652667,49.99934,27.26272667,-0.04887856,60.38052667,28.48672667,201.0942,102.6631667,0.099983627,32.75126,31.38999333,999.9,0,0,9994.146,0,0.221023,1600.025,0.975005933,0.02499399,0,2.128416667,0,16240.49,14006.68333,40.67253333,41.9916,41.562,40.50413333,41,1560.033333,39.99166667,0,1642813028,0,2.160816,-0.292692322,18.18461539,16240.6,15,1642813069,16:57:48,1642813058,1642813069,54,0.358,0,-12.154,-1.224,50,0,0.5,0.01,100,100,-12.154,-1.224,-12.45432522,-0.000918359,-1.96E-08,9.04E-11,-0.912727403,0,0,0,1,2100,2,24,4.6,4.4,0.246582,2.44751,1.04614,2.0874,1.04248,2.52563,33.9639,24.0525,18,180.776,480.153,34.9988,26.4645,30.0001,26.2297,26.1034,4.97295,89.1782,0,35,50,0,100.461,95.6207,NA
4,6,1642813582,1861.1,20220121 17:06:22,17:06:22,15,NA,1642813574,0.009435236,9.43523562,16.74167668,340.4703145,282.9543413,29.07644962,34.98680352,0.599666138,2.975164362,0.539726459,0.342213734,257.6741442,31.66721541,31.11841333,4.541927222,56.93157756,2.809782557,4.935367466,1.732144665,-416.0938908,235.1656165,17.89952605,94.64539588,0,0,1,0,53270,-,-,0,0,0,0,-,-,0,0,0,0.5,0,0,0,0,0,0,-,0,0,0,0,0,0,0,0,1,1599.992,1345.19298,0.840749816,0.161047145,6,0.5,0: Broadleaf,2,1642813574,340.4703333,400.0098333,27.34309667,-0.040190587,357.2743333,28.57009667,201.0842667,102.6602333,0.09998404,32.58456,31.11841333,999.9,0,0,9996.441667,0,0.221023,1599.992,0.975005267,0.02499464,0,2.259516667,0,15609.66667,14006.4,40.625,41.937,41.562,40.437,40.937,1560.002,39.99,0,1642813582,0,2.26442,-0.753915389,26.34615374,15610.016,15,1642813623,17:07:02,1642813611,1642813623,55,-4.328,-0.002,-16.804,-1.227,400,0,0.04,0.01,100,100,-16.804,-1.227,-12.09640757,-0.000918359,-1.96E-08,9.04E-11,-0.912252607,0,0,0,1,2100,2,24,8.7,8.6,0.750732,2.40601,1.04614,2.0874,1.0437,2.16187,33.9639,24.0437,18,181.35,481.09,34.9998,26.3075,29.9999,26.1496,26.0514,15.0468,89.2403,0,35,400,0,100.478,95.6385,NA
4,7,1642814154,2432.5,20220121 17:15:53,17:15:53,15,NA,1642814146,0.009379991,9.379990855,21.95458723,519.941942,442.892624,45.51429724,53.43234639,0.6022342,2.974920399,0.541803254,0.343549789,257.678226,31.60287838,30.99103667,4.509073204,56.84495494,2.793142849,4.913616084,1.715930356,-413.6575967,243.0094213,18.47935934,105.50941,0,0,1,0,53526,-,-,0,0,0,0,-,-,0,0,0,0.5,0,0,0,0,0,0,-,0,0,0,0,0,0,0,0,1,1600.017333,1345.21428,0.840749817,0.161047147,6,0.5,0: Broadleaf,2,1642814146,519.9419667,599.9939667,27.17964333,-0.04486614,539.2839667,28.40564333,201.1065667,102.666,0.099986093,32.50621,30.99103667,999.9,0,0,9994.501,0,0.221023,1600.017333,0.975004067,0.02499581,0,2.287513333,0,15779.91667,14006.61667,40.50413333,41.812,41.437,40.3162,40.8624,1560.026667,39.99066667,0,1642814153,0,2.290836,0.191284618,12.10769233,15779.936,15,1642814194,17:16:34,1642814186,1642814194,56,-2.363,0.001,-19.342,-1.226,600,0,0.02,0.01,100,100,-19.342,-1.226,-16.42402534,-0.000918359,-1.96E-08,9.04E-11,-0.914725039,0,0,0,1,2100,2,24,9,8.8,1.01685,2.39502,1.04614,2.0874,1.0437,2.24854,33.9413,24.0437,18,181.253,481.504,35,26.1603,30,26.0068,25.9126,20.387,89.2251,0,35,600,0,100.501,95.6568,NA
4,8,1642814767,3045.5,20220121 17:26:06,17:26:06,15,NA,1642814759,0.009054864,9.054863919,24.51008883,805.0673058,705.0316062,72.4535207,82.73382384,0.544724378,2.977279763,0.494807996,0.313357722,257.6786068,31.70591249,31.01427667,4.515051968,54.89897859,2.700474467,4.918988543,1.814577501,-399.3194988,242.5825755,18.43614839,119.3778319,0,0,1,0,53391,-,-,0,0,0,0,-,-,0,0,0,0.5,0,0,0,0,0,0,-,0,0,0,0,0,0,0,0,1,1600.016333,1345.21372,0.840749992,0.161047485,6,0.5,0: Broadleaf,2,1642814759,805.0673333,899.9406,26.27781,-0.027025317,827.1893333,27.50381,201.1095333,102.6664,0.099944183,32.52559,31.01427667,999.9,0,0,10007.80567,0,0.221023,1600.016333,0.9750022,0.02499763,0,2.246106667,0,15624.97333,14006.59333,40.375,41.68286667,41.312,40.187,40.75,1560.016333,40,0,1642814766,0,2.225412,-0.895723054,-3.715384591,15624.984,15,1642814807,17:26:47,1642814807,1642814807,57,-2.542,0,-22.122,-1.226,900,0,0.04,0.01,100,100,-22.122,-1.226,-18.78673646,-0.000918359,-1.96E-08,9.04E-11,-0.913334808,0,0,0,1,2100,2,24,9.7,9.5,1.39893,2.36328,1.04614,2.0874,1.04248,2.32178,33.9187,24.0525,18,180.87,482.035,35.0001,26.0503,30,25.8929,25.7987,28.0338,88.885,0,35,900,0,100.513,95.6703,NA
4,9,1642815125,3404,20220121 17:32:05,17:32:05,15,NA,1642815117,0.008995876,8.995875715,24.55391585,1097.349618,987.1774026,101.4488323,112.7708526,0.534595626,2.975813593,0.486409083,0.307972285,257.6746096,31.71967838,31.01849032,4.516136719,54.52794332,2.682087715,4.918739919,1.834049004,-396.718119,241.6432899,18.37411063,120.9738912,0,0,1,0,53490,-,-,0,0,0,0,-,-,0,0,0,0.5,0,0,0,0,0,0,-,0,0,0,0,0,0,0,0,1,1599.994194,1345.194882,0.840749853,0.161047215,6,0.5,0: Broadleaf,2,1642815117,1097.349645,1200.059677,26.09883548,-0.040255206,1121.090645,27.31883548,201.1032581,102.6665806,0.099985965,32.52469355,31.01849032,999.9,0,0,9999.494516,0,0.221023,1599.994194,0.975002548,0.02499729,0,2.262319355,0,15498.94516,14006.40645,40.375,41.679,41.312,40.187,40.68903226,1560,39.99193548,0,1642815125,0,2.280069231,-1.016738466,-14.53675201,15498.9,15,1642815166,17:32:45,1642815158,1642815166,58,-1.423,0.005,-23.741,-1.22,1200,0,0.04,0.01,100,100,-23.741,-1.22,-21.32929098,-0.000918359,-1.96E-08,9.04E-11,-0.913476489,0,0,0,1,2100,2,24,5.3,5.3,1.77002,2.37305,1.04614,2.0874,1.04248,2.13379,33.9187,24.0437,18,180.702,482.473,35.0004,26.0349,30.0001,25.8667,25.7688,35.4393,88.9446,0,35,1200,0,100.517,95.6759,NA
4,10,1642815584,3862.6,20220121 17:39:43,17:39:43,15,NA,1642815576,0.008104823,8.104822628,24.05795905,1394.500973,1247.877226,128.2416437,143.309849,0.403751729,2.97452413,0.375589932,0.23711004,257.674623,32.09690032,31.20630667,4.564718768,48.83594812,2.422488677,4.960462058,2.14223009,-357.4226779,235.4560484,17.94118654,153.64918,0,0,1,0,53246,-,-,0,0,0,0,-,-,0,0,0,0.5,0,0,0,0,0,0,-,0,0,0,0,0,0,0,0,1,1599.995,1345.1955,0.840749815,0.161047143,6,0.5,0: Broadleaf,2,1642815576,1394.501,1500.001333,23.57244,-0.039048777,1419.954,24.78644,201.0997,102.6678333,0.100003903,32.67458,31.20630667,999.9,0,0,9992.082667,0,0.221023,1599.995,0.975004733,0.02499516,0,2.18473,0,15441.94333,14006.41667,40.4706,41.80786667,41.375,40.312,40.812,1560.005,39.99,0,1642815584,0,2.2099,-0.12275383,40.69999994,15442.536,15,1642815624,17:40:24,1642815624,1642815624,59,-1.575,0.006,-25.453,-1.214,1500,0,0.05,0.01,100,100,-25.453,-1.214,-22.75293011,-0.000918359,-1.96E-08,9.04E-11,-0.908223382,0,0,0,1,2100,2,24,7.1,7,2.12891,2.34375,1.04614,2.0874,1.04248,2.48657,33.9187,24.0525,18,179.989,482.963,35.0002,26.0634,30.0003,25.8841,25.7839,42.6337,89.8119,0,35,1500,0,100.522,95.6716,NA
4,11,1642815897,4176.1,20220121 17:44:57,17:44:57,15,NA,1642815889,0.007721061,7.721061204,23.05395579,1692.204393,1528.963888,157.1137863,173.8881091,0.368249258,2.973441637,0.344659244,0.217405444,257.673722,32.1421932,31.10045484,4.537282634,46.74685973,2.312007885,4.94580363,2.225274749,-340.4987991,243.9172974,18.57820588,179.6704262,0,0,1,0,53252,-,-,0,0,0,0,-,-,0,0,0,0.5,0,0,0,0,0,0,-,0,0,0,0,0,0,0,0,1,1599.989355,1345.190758,0.840749817,0.161047148,6,0.5,0: Broadleaf,2,1642815889,1692.204419,1799.968065,22.49946774,-0.018215374,1717.657419,23.71446774,201.1043871,102.6583226,0.100014284,32.62204516,31.10045484,999.9,0,0,9986.890968,0,0.221023,1599.989355,0.975004613,0.024995277,0,2.249170968,0,15480.93871,14006.36774,40.5,41.808,41.429,40.312,40.81606452,1559.999355,39.99,0,1642815897,0,2.246048,0.454330774,-30.98461543,15480.62,15,1642815938,17:45:37,1642815624,1642815938,60,-1.575,0,-25.453,-1.215,1500,0,0.05,0.01,100,100,-25.453,-1.215,-24.32769405,-0.000918359,-1.96E-08,9.04E-11,-1.2042167,-0.010008516,0.001251034,-1.20E-05,1,2100,2,24,4.5,4.5,2.47803,2.35718,1.04614,2.0874,1.0437,2.26318,33.9413,24.0437,18,179.738,483.032,34.9994,26.092,30.0001,25.9147,25.8123,49.5889,88.9684,0,35,1800,0,100.511,95.6702,NA
5,1,1642816774,0,20220121 17:59:33,17:59:33,15,NA,1642816766,0.01089878,10.89877995,14.85683504,344.4702162,258.9489372,26.61111054,35.39977842,0.358872711,2.974176843,0.33643463,0.212170603,257.6743832,38.47372844,37.31456333,6.413941836,44.28778494,3.241237317,7.318580782,3.172704518,-480.6361957,391.8877836,31.84490805,200.7708792,0,0,1,0,52014,-,-,0,0,0,0,-,-,0,0,0,0.5,0,0,0,0,0,0,-,0,0,0,0,0,0,0,0,1,1599.986,1345.18856,0.840750207,0.161047899,6,0.5,0: Broadleaf,2,1642816766,344.4702333,399.9961333,31.54002,0.04932931,361.2722333,32.75502,201.1076667,102.6658667,0.09999453,39.75861,37.31456333,999.9,0,0,9990.311333,0,0.221023,1599.986,0.974992533,0.02500733,0,2.29343,0,14978.40333,14006.28667,41.5,42.42046667,42.2332,41.062,42.25,1559.975333,40.01066667,0,1642816773,0,2.282253846,-0.051145315,-11.44615379,14978.46923,15,1642816814,18:00:14,1642816807,1642815938,61,7.906,0,-16.802,-1.215,400,0,0.02,0.01,100,100,-16.802,-1.215,-24.32769405,-0.000918359,-1.96E-08,9.04E-11,-0.902221776,0,0,0,1,2100,2,24,19.2,13.9,0.750732,2.3999,1.04614,2.08618,1.04248,2.37061,34.0545,24.0087,18,182.494,479.379,47.0009,26.9699,30.0003,26.5832,26.3997,15.0495,88.7545,0,47,400,0,100.343,95.5724,NA
5,2,1642817018,243.9000001,20220121 18:03:37,18:03:37,15,NA,1642817010,0.011005934,11.00593368,10.87163021,259.0343101,196.6894649,20.21269021,26.61952569,0.363218094,2.975290034,0.340260006,0.214604158,257.676579,38.56020286,37.37603226,6.435444095,44.38945255,3.268398038,7.363005964,3.167046057,-485.3616753,400.3214065,32.54542143,205.1817317,0,0,1,0,52086,-,-,0,0,0,0,-,-,0,0,0,0.5,0,0,0,0,0,0,-,0,0,0,0,0,0,0,0,1,1600,1345.2003,0.840750188,0.161047862,6,0.5,0: Broadleaf,2,1642817010,259.0343226,299.9712903,31.80474516,0.016185148,274.3053226,33.01974516,201.1269355,102.6645161,0.099961997,39.87174194,37.37603226,999.9,0,0,9996.735161,0,0.221023,1600,0.974994,0.0250059,0,2.274454839,0,15057.27419,14006.40323,41.625,42.52,42.375,41.139,42.399,1559.99,40.01,0,1642817018,0,2.27756,-0.424953857,-1.684615391,15057.248,15,1642817058,18:04:18,1642817048,1642815938,62,1.439,0,-15.271,-1.215,300,0,0.02,0.01,100,100,-15.271,-1.215,-16.42209734,-0.000918359,-1.96E-08,9.04E-11,-0.902221776,0,0,0,1,2100,2,24,3.5,18,0.611572,2.40112,1.04614,2.0874,1.04248,2.49146,34.0545,24.0175,18,182.64,479.996,46.999,27.0568,30.0003,26.6886,26.5122,12.2604,88.9481,0,47,300,0,100.314,95.5594,NA
5,3,1642817319,545.4000001,20220121 18:08:39,18:08:39,15,NA,1642817311,0.011067677,11.06767721,6.360753036,175.2461862,138.0546214,14.18616888,18.00788679,0.36866365,2.975199467,0.34503535,0.217643683,257.6725633,38.56851642,37.34789032,6.425592097,44.56017329,3.285187359,7.372474379,3.140404738,-488.0845651,408.6784243,33.22520933,211.4916319,0,0,1,0,52098,-,-,0,0,0,0,-,-,0,0,0,0.5,0,0,0,0,0,0,-,0,0,0,0,0,0,0,0,1,1599.974839,1345.179165,0.840750199,0.161047885,6,0.5,0: Broadleaf,2,1642817311,175.2461935,200.0088065,31.97024516,0.00730264,188.9361935,33.18524516,201.1174194,102.6576774,0.099975584,39.89577742,37.34789032,999.9,0,0,9996.889032,0,0.221023,1599.974839,0.974995032,0.025004894,0,2.264622581,0,15280.60968,14006.20968,41.75,42.625,42.5,41.27,42.514,1559.964839,40.01,0,1642817319,0,2.224276,0.394107694,9.007692245,15280.796,15,1642817360,18:09:19,1642817343,1642815938,63,1.489,0,-13.69,-1.215,200,0,0.03,0.01,100,100,-13.69,-1.215,-14.98273811,-0.000918359,-1.96E-08,9.04E-11,-0.902221776,0,0,0,1,2100,2,24,4.5,23,0.467529,2.4231,1.04614,2.0874,1.0437,2.38647,34.0771,24.0175,18,182.644,479.911,47.0009,27.0985,30,26.7475,26.5772,9.37508,89.0876,0,47,200,0,100.292,95.5567,NA
5,4,1642817568,794.4000001,20220121 18:12:48,18:12:48,15,NA,1642817560,0.011108954,11.10895365,1.604681788,92.14016482,80.47753032,8.269307758,9.467678453,0.37253411,2.975628271,0.34842771,0.219803062,257.6801434,38.52287408,37.31078333,6.412621603,44.72661421,3.291232398,7.358554758,3.121389205,-489.9048561,409.0201342,33.23660521,210.0320267,0,0,1,0,52000,-,-,0,0,0,0,-,-,0,0,0,0.5,0,0,0,0,0,0,-,0,0,0,0,0,0,0,0,1,1600.022333,1345.21906,0.840750177,0.161047842,6,0.5,0: Broadleaf,2,1642817560,92.14016667,99.98123667,32.03052333,-0.049995893,104.6661667,33.24552333,201.1151,102.653,0.100001063,39.86043333,37.31078333,999.9,0,0,9999.769333,0,0.221023,1600.022333,0.9749952,0.02500473,0,2.289966667,0,15675.67,14006.61333,41.812,42.67873333,42.562,41.312,42.562,1560.012333,40.01,0,1642817568,0,2.292934615,-0.466594872,33.30940169,15675.71154,15,1642817609,18:13:28,1642817590,1642815938,64,1.071,0,-12.526,-1.215,100,0,0.32,0.01,100,100,-12.526,-1.215,-13.49415691,-0.000918359,-1.96E-08,9.04E-11,-0.902221776,0,0,0,1,2100,2,24,3.8,27.2,0.318604,2.42432,1.04614,2.0874,1.04248,2.48535,34.0545,24.0175,18,182.688,479.827,47.0002,27.1123,30.0001,26.7678,26.6019,6.42711,89.5138,0,47,100,0,100.276,95.5527,NA
5,5,1642817826,1051.9,20220121 18:17:05,18:17:05,15,NA,1642817818,0.011145332,11.14533185,-0.70395542,50.40755565,51.03901687,5.24474265,5.179854025,0.372055898,2.975129082,0.34800545,0.21953456,257.6795337,38.61698979,37.38120645,6.437256916,44.62826323,3.302209254,7.399367608,3.135047662,-491.5091346,414.2515425,33.6955586,214.1175002,0,0,1,0,52170,-,-,0,0,0,0,-,-,0,0,0,0.5,0,0,0,0,0,0,-,0,0,0,0,0,0,0,0,1,1600.019677,1345.216733,0.840750118,0.161047728,6,0.5,0: Broadleaf,2,1642817818,50.40755484,49.98346774,32.13532581,-0.047676097,62.52155484,33.35032581,201.1093871,102.6593548,0.100121555,39.9639,37.38120645,999.9,0,0,9996.327742,0,0.221023,1600.019677,0.974996968,0.025003006,0,2.208832258,0,15995.90968,14006.59355,41.875,42.641,42.625,41.375,42.637,1560.012258,40.00677419,0,1642817825,0,2.224792,0.686361527,40.80769234,15996.2,15,1642817866,18:17:46,1642817857,1642815938,65,0.365,0,-12.114,-1.215,50,0,0.24,0.01,100,100,-12.114,-1.215,-12.42288206,-0.000918359,-1.96E-08,9.04E-11,-0.902221776,0,0,0,1,2100,2,24,3.9,31.5,0.246582,2.47192,1.04614,2.08618,1.04248,2.19604,34.0545,24.0175,18,182.58,479.602,46.999,27.217,30.0005,26.8279,26.6574,4.96205,89.4105,0,47,50,0,100.283,95.5452,NA
5,6,1642818358,1583.9,20220121 18:25:57,18:25:57,15,NA,1642818350,0.011372335,11.37233541,13.3834105,348.2627512,273.4827191,28.10207162,35.78619084,0.384118999,2.975770343,0.358546313,0.226247021,257.674017,38.741379,37.47758333,6.471104454,45.07709384,3.367927388,7.471482966,3.103177067,-501.5199918,428.0163611,34.85432824,219.0247145,0,0,1,0,51964,-,-,0,0,0,0,-,-,0,0,0,0.5,0,0,0,0,0,0,-,0,0,0,0,0,0,0,0,1,1599.987333,1345.18938,0.840750018,0.161047536,6,0.5,0: Broadleaf,2,1642818350,348.2627667,400.0093333,32.77587333,-0.04194982,365.0677667,33.99087333,201.1028667,102.6563,0.099997397,40.14552,37.47758333,999.9,0,0,10000.25133,0,0.221023,1599.987333,0.974999867,0.02500018,0,2.27113,0,15111.45667,14006.34,42.187,43,42.937,41.687,42.9538,1559.986667,40.00066667,0,1642818357,0,2.243557692,-0.008140167,-10.01025632,15111.53846,15,1642818398,18:26:38,1642818392,1642815938,66,-4.368,0,-16.805,-1.215,400,0,0.05,0.01,100,100,-16.805,-1.215,-12.05760844,-0.000918359,-1.96E-08,9.04E-11,-0.902221776,0,0,0,1,2100,2,24,8.3,40.3,0.750732,2.40723,1.04614,2.08618,1.0437,2.26318,34.0545,24.0175,18,182.819,480.533,46.9984,27.5181,30,27.145,26.9689,15.0594,89.5272,0,47,400,0,100.218,95.4994,NA
5,7,1642818568,1794,20220121 18:29:27,18:29:27,15,NA,1642818560,0.011346124,11.34612368,18.8667709,525.9749116,419.4869209,43.1052127,54.04759794,0.386437582,2.977483381,0.360580209,0.227541474,257.6749939,38.65213195,37.39735333,6.442916957,45.25487265,3.363826058,7.433069327,3.079090899,-500.3640542,425.6424983,34.61161878,217.5650567,0,0,1,0,52130,-,-,0,0,0,0,-,-,0,0,0,0.5,0,0,0,0,0,0,-,0,0,0,0,0,0,0,0,1,1599.993333,1345.19443,0.840750022,0.161047542,6,0.5,0: Broadleaf,2,1642818560,525.9749333,600.0641333,32.73574,-0.005212342,545.3179333,33.95074,201.1187667,102.657,0.099988487,40.04896667,37.39735333,999.9,0,0,10009.87433,0,0.221023,1599.993333,0.974999467,0.02500057,0,2.292156667,0,15032.87333,14006.37667,42.15393333,43,42.9246,41.625,42.937,1559.992333,40.001,0,1642818567,0,2.289630769,0.681025641,-2.218803461,15032.96538,15,1642818608,18:30:08,1642818603,1642815938,67,-2.363,0,-19.343,-1.215,600,0,0.03,0.01,100,100,-19.343,-1.215,-16.42578487,-0.000918359,-1.96E-08,9.04E-11,-0.902221776,0,0,0,1,2100,2,24,2.9,43.8,1.01807,2.3938,1.04614,2.0874,1.0437,2.28882,34.0998,24.0087,18,183.008,481.155,47.0009,27.4383,29.9999,27.1048,26.9417,20.4019,89.2806,0,47,600,0,100.2,95.5113,NA
5,8,1642818860,2086.5,20220121 18:34:20,18:34:20,15,NA,1642818852,0.011336296,11.33629591,22.71117826,804.9887479,665.6610135,68.40085689,82.71765812,0.377987301,2.974631002,0.353187451,0.222834591,257.676688,38.73432963,37.54914839,6.496337922,44.95885391,3.356278353,7.465222222,3.140059569,-499.9306496,413.8567983,33.72321199,205.3260487,0,0,1,0,51861,-,-,0,0,0,0,-,-,0,0,0,0.5,0,0,0,0,0,0,-,0,0,0,0,0,0,0,0,1,1600.004194,1345.203532,0.840750004,0.161047508,6,0.5,0: Broadleaf,2,1642818852,804.9887742,899.9736774,32.66250968,-0.054589374,827.1457742,33.87750968,201.1062903,102.6562903,0.100000794,40.1298129,37.54914839,999.9,0,0,9993.810323,0,0.221023,1600.004194,0.974999161,0.025000868,0,2.212748387,0,15000.94839,14006.49032,42.125,43,42.875,41.59654839,42.887,1560.003871,40.00032258,0,1642818860,0,2.223653846,0.810687193,5.480341801,15000.99615,15,1642818901,18:35:00,1642818901,1642815938,68,-2.576,0,-22.157,-1.215,900,0,0.03,0.01,100,100,-22.157,-1.215,-18.78844569,-0.000918359,-1.96E-08,9.04E-11,-0.902221776,0,0,0,1,2100,2,24,4.3,48.7,1.40015,2.37305,1.04614,2.0874,1.04248,2.24487,34.0318,24.0175,18,183.229,481.587,47.0004,27.3848,30.0001,27.0576,26.9012,28.0654,89.7453,0,47,900,0,100.192,95.515,NA
5,9,1642819099,2325.5,20220121 18:38:19,18:38:19,15,NA,1642819091,0.011308999,11.30899864,23.91652725,1091.827639,930.8696444,95.65423521,112.1939451,0.372257138,2.975094092,0.348181306,0.219646546,257.6790757,38.82280361,37.63864667,6.528014699,44.69198123,3.350850376,7.497654578,3.177164322,-498.7268398,412.5972586,33.64295667,205.1924511,0,0,1,0,52012,-,-,0,0,0,0,-,-,0,0,0,0.5,0,0,0,0,0,0,-,0,0,0,0,0,0,0,0,1,1600.018667,1345.21573,0.840750022,0.161047543,6,0.5,0: Broadleaf,2,1642819091,1091.827667,1200.014,32.60916667,-0.02877466,1115.607667,33.82416667,201.1197,102.6579333,0.09999393,40.21105667,37.63864667,999.9,0,0,9996.268333,0,0.221023,1600.018667,0.9749992,0.02500083,0,2.188466667,0,14986.09333,14006.57667,42.13326667,43.062,42.9246,41.625,42.937,1560.017,40.00166667,0,1642819099,0,2.190557692,-0.399996584,7.948717955,14986.13462,15,1642819140,18:38:59,1642819139,1642815938,69,-1.429,0,-23.78,-1.215,1200,0,0.02,0.01,100,100,-23.78,-1.215,-21.3645,-0.000918359,-1.96E-08,9.04E-11,-0.902221776,0,0,0,1,2100,2,24,3.3,52.7,1.77124,2.36328,1.04614,2.0874,1.04248,2.49023,33.9865,24.0175,18,183.068,482.216,47.0008,27.3523,30,27.0295,26.8734,35.4713,89.4552,0,47,1200,0,100.189,95.5166,NA
5,10,1642819405,2631.5,20220121 18:43:25,18:43:25,15,NA,1642819397,0.011315865,11.31586522,24.21885347,1381.103639,1206.012438,123.9246606,141.9162807,0.376348299,2.974448159,0.351754145,0.221921956,257.6768705,38.73463738,37.55308,6.497726659,44.89298399,3.350502587,7.463310052,3.147224072,-499.0296561,412.4312406,33.60897178,204.6874268,0,0,1,0,52122,-,-,0,0,0,0,-,-,0,0,0,0.5,0,0,0,0,0,0,-,0,0,0,0,0,0,0,0,1,1600.005333,1345.20449,0.840750004,0.161047507,6,0.5,0: Broadleaf,2,1642819397,1381.103667,1499.987,32.60648667,-0.053327113,1406.513667,33.82148667,201.1076,102.6557333,0.099973573,40.12501333,37.55308,999.9,0,0,9992.831,0,0.221023,1600.005333,0.974998667,0.02500135,0,2.186703333,0,14999.71333,14006.48667,42.1746,43.062,42.937,41.6746,42.937,1560.005,40.00033333,0,1642819405,0,2.192511538,-0.6170906,8.430769201,14999.76154,15,1642819446,18:44:05,1642819446,1642815938,70,-1.493,0,-25.41,-1.215,1500,0,0.04,0.01,100,100,-25.41,-1.215,-22.79194456,-0.000918359,-1.96E-08,9.04E-11,-0.902221776,0,0,0,1,2100,2,24,4.4,57.8,2.13135,2.36816,1.04614,2.08618,1.04248,2.35352,33.9413,24.0175,18,183.108,482.437,47.001,27.3616,30.0002,27.0278,26.8688,42.6745,89.3742,0,47,1500,0,100.184,95.5131,NA
5,11,1642819724,2950,20220121 18:48:43,18:48:43,15,NA,1642819716,0.011430139,11.43013893,23.72332278,1672.130618,1488.535592,152.9554503,171.8208775,0.386563028,2.975615169,0.36067439,0.227602843,257.6739921,38.66997253,37.51224516,6.483315392,45.41884698,3.383224317,7.448943649,3.100091074,-504.0691266,413.3535913,33.65846757,200.6169244,0,0,1,0,51981,-,-,0,0,0,0,-,-,0,0,0,0.5,0,0,0,0,0,0,-,0,0,0,0,0,0,0,0,1,1599.987419,1345.189432,0.840750006,0.161047511,6,0.5,0: Broadleaf,2,1642819716,1672.130645,1799.927419,32.92494516,-0.052923726,1697.589355,33.8271871,201.1130968,102.6557097,0.099945674,40.08891935,37.51224516,999.9,0,0,9999.43129,0,0.221023,1599.987419,0.974997097,0.025002881,0,2.257841935,0,15024.7871,14006.31935,42.125,43.024,42.907,41.625,42.879,1559.987419,40,0,1642819724,0,2.257672,0.036807691,12.71538461,15024.816,15,1642819446,18:44:05,1642819446,1642815938,70,-1.493,0,-25.41,-1.215,1500,0,0.04,0.01,100,100,-25.46,-0.9022,-24.28475297,-0.000918359,-1.96E-08,9.04E-11,-0.902221776,0,0,0,1,2100,2,24,4.6,63.1,2.47925,2.33887,1.04614,2.0874,1.04248,2.31689,33.8961,24.0175,18,182.848,483.059,46.9992,27.3616,30.0001,27.0255,26.8665,49.631,89.7386,0,47,1800,0,100.176,95.5157,NA
6,1,1642793061,0,20220121 11:24:21,11:24:21,15,NA,1642793053,0.002628264,2.62826366,11.88906424,361.66131,293.1174195,30.12873546,37.17417393,0.312414586,2.975734623,0.295269386,0.186005342,257.6778828,15.47158625,14.88258387,1.698484026,47.52027677,0.794645961,1.672225027,0.903838065,-115.9064274,-38.76091021,-2.480906417,100.5296387,0,0,1,0,56608,-,-,0,0,0,0,-,-,0,0,0,0.5,0,0,0,0,0,0,-,0,0,0,0,0,0,0,0,1,1600.015161,1345.212457,0.840749819,0.161047151,6,0.5,0: Broadleaf,2,1642793053,361.6613226,399.9842903,7.730977419,-0.053076139,378.5503226,8.915977419,201.0220968,102.6872581,0.099998706,14.64097419,14.88258387,999.9,0,0,9997.034516,0,0.221023,1600.015161,0.975003323,0.024996481,0,2.242058065,0,19136.51935,14006.59677,36.375,38.562,37.69106452,36.812,35.75,1560.02129,39.99064516,0,1642793060,0,2.218861538,-0.269729915,-60.43418807,19135.97308,15,1642793102,11:25:01,1642793087,1642793102,3,-0.07,0.012,-16.889,-1.185,400,0,0.05,0.02,100,100,-16.889,-1.185,-16.4395,-0.000918359,-1.96E-08,9.04E-11,-1.187398034,-0.010008516,0.001251034,-1.20E-05,1,2100,2,24,223515.1,223514.8,0.753174,2.38403,1.04614,2.09351,1.04248,2.27905,35.5915,23.6935,18,175.571,480.202,6.99992,25.6357,30.0001,25.5823,25.4988,15.1075,91.9344,0,7,400,0,100.636,95.7046,NA
6,2,1642793599,538,20220121 11:33:19,11:33:19,15,NA,1642793591,0.002623238,2.623237566,10.21442561,267.4273892,209.8684642,21.57181658,27.48814412,0.31652229,2.97659124,0.298941649,0.188336662,257.6793224,15.40978351,14.82404333,1.692088597,48.09884777,0.801060218,1.665445754,0.891028379,-115.6847767,-39.47446113,-2.524251591,99.995833,0,0,1,0,56621,-,-,0,0,0,0,-,-,0,0,0,0.5,0,0,0,0,0,0,-,0,0,0,0,0,0,0,0,1,1600.020333,1345.21712,0.840750015,0.16104753,6,0.5,0: Broadleaf,2,1642793591,267.4274,300.0043333,7.793376,0.02574908,282.7694,8.992376,201.0493333,102.6873333,0.09998476,14.57805667,14.82404333,999.9,0,0,10001.871,0,0.221023,1600.020333,0.974999533,0.02500093,0,2.17417,0,18649.89333,14006.61333,36.0704,38.312,37.375,36.5914,35.5,1560.019,40.00133333,0,1642793598,0,2.2103,0.232146141,-53.36153851,18649.208,15,1642793640,11:33:59,1642793619,1642793640,4,1.456,-0.014,-15.342,-1.199,300,0,0.07,0.02,100,100,-15.342,-1.199,-16.50980444,-0.000918359,-1.96E-08,9.04E-11,-1.175207514,-0.010008516,0.001251034,-1.20E-05,1,2100,2,24,8.5,8.3,0.614014,2.39868,1.04614,2.09229,1.04248,2.18018,35.8711,23.6847,18,175.388,478.247,6.99966,25.5117,30,25.4746,25.4003,12.3235,91.5434,0,7,300,0,100.65,95.7213,NA
6,3,1642793815,753.5,20220121 11:36:54,11:36:54,15,NA,1642793807,0.002639083,2.639083115,7.223754194,177.0389278,137.304287,14.11373146,18.19811997,0.323419277,2.976134479,0.305085304,0.192238887,257.6740295,15.36404053,14.76658387,1.685831861,48.61262004,0.807435947,1.660959532,0.878395914,-116.3835654,-36.94941776,-2.361924354,101.979122,0,0,1,0,56609,-,-,0,0,0,0,-,-,0,0,0,0.5,0,0,0,0,0,0,-,0,0,0,0,0,0,0,0,1,1599.987419,1345.189452,0.840750018,0.161047535,6,0.5,0: Broadleaf,2,1642793807,177.0389355,199.9895806,7.855074839,0.041645277,190.8199355,9.052074839,201.0655806,102.6916129,0.10001711,14.53629677,14.76658387,999.9,0,0,9998.87129,0,0.221023,1599.987419,0.97499829,0.025002142,0,2.288558065,0,18550.76774,14006.31935,36.012,38.25,37.32012903,36.5,35.433,1559.986774,40.00064516,0,1642793814,0,2.299884615,-0.182529928,-75.688889,18550.18077,15,1642793855,11:37:35,1642793839,1642793855,5,1.469,0.003,-13.781,-1.197,200,0,0.05,0.02,100,100,-13.781,-1.197,-15.05358407,-0.000918359,-1.96E-08,9.04E-11,-1.189094964,-0.010008516,0.001251034,-1.20E-05,1,2100,2,24,3.3,2.9,0.469971,2.40845,1.04614,2.09106,1.04248,2.48657,35.9879,23.6935,18,175.436,477.037,6.9995,25.4774,30,25.4446,25.3682,9.43017,91.758,0,7,200,0,100.654,95.727,NA
6,4,1642794072,1010.4,20220121 11:41:11,11:41:11,15,NA,1642794064,0.002663453,2.663453218,3.594105973,88.56636285,69.21077777,7.114221189,9.103794459,0.331038138,2.976808618,0.311861763,0.19654389,257.677585,15.32425732,14.73004667,1.681863922,49.15225124,0.814641742,1.657384396,0.86722218,-117.4582869,-36.44630389,-2.328387339,101.4446068,0,0,1,0,56542,-,-,0,0,0,0,-,-,0,0,0,0.5,0,0,0,0,0,0,-,0,0,0,0,0,0,0,0,1,1600.006333,1345.205617,0.840750183,0.161047853,6,0.5,0: Broadleaf,2,1642794064,88.56636667,99.99499,7.925251,0.040557753,101.1063667,9.124251,201.074,102.6906333,0.100021787,14.50294667,14.73004667,999.9,0,0,10002.779,0,0.221023,1600.006333,0.974997,0.0250034,0,2.272016667,0,18467.77,14006.47,35.937,38.16633333,37.25,36.437,35.3456,1559.999667,40.01,0,1642794071,0,2.253826923,0.036687189,-72.74871785,18467.65769,15,1642794112,11:41:52,1642794098,1642794112,6,1.148,-0.002,-12.54,-1.199,100,0,0.09,0.01,100,100,-12.54,-1.199,-13.5842108,-0.000918359,-1.96E-08,9.04E-11,-1.186431261,-0.010008516,0.001251034,-1.20E-05,1,2100,2,24,3.9,3.6,0.322266,2.4292,1.04614,2.09106,1.04248,2.35229,36.1285,23.6935,18,175.447,475.979,7.00069,25.4495,30.0001,25.4167,25.3417,6.47816,91.5065,0,7,100,0,100.658,95.7314,NA
6,5,1642794426,1364.4,20220121 11:47:05,11:47:05,15,NA,1642794418,0.002725477,2.725476645,1.399299322,45.44608519,38.05040471,3.912034354,4.672398307,0.345336586,2.976089365,0.324519057,0.204590124,257.6806222,15.33149859,14.75939,1.685049957,50.13404621,0.832153545,1.659857139,0.852896412,-120.19352,-37.44350002,-2.393325905,97.65027625,0,0,1,0,56806,-,-,0,0,0,0,-,-,0,0,0,0.5,0,0,0,0,0,0,-,0,0,0,0,0,0,0,0,1,1600.025333,1345.22158,0.840750176,0.161047839,6,0.5,0: Broadleaf,2,1642794418,45.44608667,49.99126,8.093942,0.026841193,57.58708667,9.292942,201.0697667,102.7119,0.099998697,14.52602,14.75939,999.9,0,0,9996.641333,0,0.221023,1600.025333,0.974996067,0.025004333,0,2.261406667,0,18258.07,14006.64333,35.875,38.125,37.187,36.437,35.312,1560.015333,40.01,0,1642794425,0,2.277780769,0.447223923,-55.87692297,18257.86923,15,1642794466,11:47:46,1642794452,1642794466,7,0.353,0,-12.141,-1.199,50,0,0.27,0.02,100,100,-12.141,-1.199,-12.43628481,-0.000918359,-1.96E-08,9.04E-11,-1.188343654,-0.010008516,0.001251034,-1.20E-05,1,2100,2,24,5.5,5.2,0.249023,2.46948,1.04614,2.09106,1.0437,2.24487,36.2929,23.676,18,175.459,474.606,6.99964,25.4618,30,25.4167,25.3384,5.01607,91.386,0,7,50,0,100.656,95.7277,NA
6,6,1642794916,1854.9,20220121 11:55:16,11:55:16,15,NA,1642794908,0.002780276,2.780275548,11.07887577,363.9581818,307.9493871,31.65288423,37.40980394,0.362992532,2.97646513,0.340070424,0.214482742,257.6770424,15.2892228,14.70588387,1.679244354,51.25640851,0.849244385,1.656855034,0.829999969,-122.6101517,-33.35802259,-2.131013562,99.57785453,0,0,1,0,56674,-,-,0,0,0,0,-,-,0,0,0,0.5,0,0,0,0,0,0,-,0,0,0,0,0,0,0,0,1,1600.002903,1345.202739,0.840750186,0.161047859,6,0.5,0: Broadleaf,2,1642794908,363.9581935,400.0376129,8.262257742,0.034340626,380.8541935,9.462257742,201.0694194,102.6860323,0.099962974,14.49800323,14.70588387,999.9,0,0,10001.28452,0,0.221023,1600.002903,0.974995839,0.025004561,0,2.321074194,0,17349.85806,14006.43871,35.8363871,38.062,37.125,36.375,35.25,1559.992903,40.01,0,1642794915,0,2.338546154,-0.178981197,-30.91623942,17349.55,15,1642794957,11:55:56,1642794940,1642794957,8,-4.433,-0.001,-16.896,-1.2,400,0,0.04,0.02,100,100,-16.896,-1.2,-12.08364311,-0.000918359,-1.96E-08,9.04E-11,-1.188317647,-0.010008516,0.001251034,-1.20E-05,1,2100,2,24,7.7,7.5,0.753174,2.40479,1.04614,2.08984,1.04248,2.16797,36.4343,23.6672,18,175.474,473.865,6.99951,25.4303,30,25.3909,25.3127,15.0975,91.4832,0,7,400,0,100.661,95.7363,NA
6,7,1642795272,2210.4,20220121 12:01:11,12:01:11,15,NA,1642795264,0.002811125,2.811125174,12.09752139,559.2283098,497.1118317,51.09943729,57.48455404,0.37047234,2.976643528,0.346630445,0.21865814,257.6751224,15.26762706,14.72138387,1.680924347,51.8051648,0.857583672,1.655401879,0.823340676,-123.9706202,-38.02627332,-2.429114706,93.24911419,0,0,1,0,56707,-,-,0,0,0,0,-,-,0,0,0,0.5,0,0,0,0,0,0,-,0,0,0,0,0,0,0,0,1,1599.990645,1345.192461,0.840750204,0.161047893,6,0.5,0: Broadleaf,2,1642795264,559.2283226,600.0178387,8.342850968,0.024542068,578.6793226,9.539850968,201.0749355,102.6926452,0.099994323,14.48442581,14.72138387,999.9,0,0,10001.64935,0,0.221023,1599.990645,0.974994161,0.025006239,0,2.279841935,0,17157.32581,14006.32258,35.82012903,38.062,37.125,36.36687097,35.25,1559.980645,40.01064516,0,1642795271,0,2.28895,-0.458738465,-51.99316238,17157.11538,15,1642795312,12:01:52,1642795300,1642795312,9,-2.379,0.003,-19.451,-1.197,600,0,0.04,0.02,100,100,-19.451,-1.197,-16.51674174,-0.000918359,-1.96E-08,9.04E-11,-1.189267497,-0.010008516,0.001251034,-1.20E-05,1,2100,2,24,5.5,5.2,1.01929,2.38403,1.04614,2.08984,1.04248,2.45117,36.5051,23.676,18,175.404,473.473,6.99949,25.4174,30.0001,25.3781,25.3,20.4308,91.636,0,7,600,0,100.659,95.7385,NA
6,8,1642795886,2825,20220121 12:11:26,12:11:26,15,NA,1642795878,0.002762211,2.762211214,11.86866675,857.4951487,789.8474639,81.18012439,88.13291935,0.353341556,2.975963414,0.331579499,0.209080635,257.679089,15.31648415,14.79203226,1.688600412,50.8023367,0.842943949,1.65926216,0.845656463,-121.8135145,-43.56933132,-2.785390323,89.51085286,0,0,1,0,56657,-,-,0,0,0,0,-,-,0,0,0,0.5,0,0,0,0,0,0,-,0,0,0,0,0,0,0,0,1,1600.019355,1345.216258,0.840749991,0.161047482,6,0.5,0: Broadleaf,2,1642795878,857.4951613,899.9819355,8.201479677,0.026098655,879.6901613,9.398479677,201.0590323,102.6795161,0.099980039,14.52047097,14.79203226,999.9,0,0,9999.081935,0,0.221023,1600.019355,0.975001484,0.024998871,0,2.293796774,0,16763.80968,14006.61935,36.34451613,38.766,37.653,37.157,35.72764516,1560.019355,40,0,1642795886,0,2.301732,1.212876903,-40.30769226,16763.208,15,1642795927,12:12:06,1642795915,1642795927,10,-2.506,0,-22.195,-1.197,900,0,0.09,0.02,100,100,-22.195,-1.197,-18.89600044,-0.000918359,-1.96E-08,9.04E-11,-1.186219422,-0.010008516,0.001251034,-1.20E-05,1,2100,2,24,9.8,9.6,1.40259,2.37671,1.04614,2.08984,1.04248,2.15576,36.6943,23.676,18,175.579,472.654,6.99957,25.4088,30.0001,25.3675,25.2914,28.0949,91.4237,0,7,900,0,100.658,95.7416,NA
6,9,1642796195,3133.5,20220121 12:16:34,12:16:34,15,NA,1642796187,0.002660761,2.660760839,11.52599887,1156.418536,1081.280758,111.1319348,118.8544495,0.324802468,2.975454033,0.306312181,0.19301862,257.6795928,15.43443277,14.83878065,1.693696621,48.63683126,0.811803651,1.669112955,0.881892969,-117.339553,-36.35934454,-2.326531351,101.654164,0,0,1,0,56650,-,-,0,0,0,0,-,-,0,0,0,0.5,0,0,0,0,0,0,-,0,0,0,0,0,0,0,0,1,1600.018065,1345.215542,0.840750221,0.161047927,6,0.5,0: Broadleaf,2,1642796187,1156.418548,1199.993226,7.89860871,0.021707113,1180.303548,9.09160871,201.0748387,102.6780645,0.09999189,14.61211935,14.83878065,999.9,0,0,9996.343226,0,0.221023,1600.018065,0.974991065,0.025008487,0,2.328545161,0,16561.47097,14006.56129,37.679,39.812,38.99187097,38.33435484,36.909,1560.005806,40.01225806,0,1642796194,0,2.333252,-1.128992303,-42.05384611,16560.736,15,1642796235,12:17:15,1642796235,1642796235,11,-1.495,0.004,-23.885,-1.193,1201,0,0.12,0.01,100,100,-23.885,-1.193,-21.40199931,-0.000918359,-1.96E-08,9.04E-11,-1.18657163,-0.010008516,0.001251034,-1.20E-05,1,2100,2,24,4.7,4.5,1.77368,2.36572,1.04614,2.08862,1.0437,2.36816,36.7654,23.6847,18,175.445,472.828,6.99978,25.38,29.9999,25.3461,25.2704,35.5032,90.0126,0,7,1200,0,100.659,95.7462,NA
6,10,1642796565,3504,20220121 12:22:45,12:22:45,15,NA,1642796557,0.002514086,2.514085678,11.31709742,1455.323698,1368.615476,140.6515351,149.5624708,0.286867356,2.976460028,0.272344894,0.171459057,257.6702853,15.5950977,14.93664516,1.704408961,45.5963682,0.767127651,1.682431478,0.937281309,-110.8711784,-32.31285993,-2.069291917,112.4169551,0,0,1,0,56659,-,-,0,0,0,0,-,-,0,0,0,0.5,0,0,0,0,0,0,-,0,0,0,0,0,0,0,0,1,1599.964194,1345.169923,0.840750017,0.161047532,6,0.5,0: Broadleaf,2,1642796557,1455.32371,1500.016129,7.464566774,0.017815368,1480.88871,8.655566774,201.0529677,102.6692581,0.099954752,14.73527742,14.93664516,999.9,0,0,10002.88968,0,0.221023,1599.964194,0.974999065,0.025000687,0,2.222074194,0,16306.01935,14006.12903,38.673,40.687,40,39.10670968,37.812,1559.964194,40,0,1642796564,0,2.213942308,-0.060256405,-40.59829058,16305.83462,15,1642796605,12:23:25,1642796599,1642796605,12,-1.542,0.002,-25.565,-1.191,1500,0,0.08,0.01,100,100,-25.565,-1.191,-22.8975,-0.000918359,-1.96E-08,9.04E-11,-1.182786863,-0.010008516,0.001251034,-1.20E-05,1,2100,2,24,5.5,5.5,2.13257,2.3645,1.04614,2.08862,1.04248,2.13745,36.8366,23.6935,18,175.131,472.518,7.00008,25.3512,30.0001,25.3166,25.2426,42.6824,89.9664,0,7,1500,0,100.66,95.7507,NA
6,11,1642796807,3746,20220121 12:26:47,12:26:47,15,NA,1642796799,0.00241126,2.41126006,11.36414622,1753.554343,1655.668419,170.1461951,180.2055265,0.263559892,2.975730121,0.251244131,0.158086138,257.6721447,15.6923883,14.98893871,1.710157428,43.52521624,0.735621158,1.690103396,0.97453627,-106.3365687,-29.37532167,-1.882840383,120.077414,0,0,1,0,56506,-,-,0,0,0,0,-,-,0,0,0,0.5,0,0,0,0,0,0,-,0,0,0,0,0,0,0,0,1,1599.979355,1345.182368,0.840749828,0.161047168,6,0.5,0: Broadleaf,2,1642796799,1753.554355,1800.08129,7.158224839,0.014660365,1780.829355,8.348224839,201.0760645,102.665871,0.099992703,14.80583226,14.98893871,999.9,0,0,9999.091613,0,0.221023,1599.979355,0.975003065,0.024996787,0,2.309312903,0,16149.35161,14006.27742,39.125,41.06,40.47358065,39.44512903,38.19512903,1559.989032,39.99032258,0,1642796807,0,2.296292308,-0.968526484,-38.42735044,16148.84615,15,1642796848,12:27:27,1642796848,1642796848,13,-1.643,0.001,-27.275,-1.19,1801,0,0.12,0.01,100,100,-27.275,-1.19,-24.43977869,-0.000918359,-1.96E-08,9.04E-11,-1.180651883,-0.010008516,0.001251034,-1.20E-05,1,2100,2,24,3.5,3.4,2.47925,2.34863,1.04614,2.08862,1.04248,2.24243,36.8129,23.7198,18,175.368,472.882,7.00053,25.3555,30.0001,25.314,25.2383,49.6477,89.8288,0,7,1800,0,100.659,95.7485,NA