UniqueID,obs,time,elapsed,date,hhmmss,averaging,leafRep,TIME,E,Emm,A,Ca,Ci,Pci,Pca,gsw,gbw,gtw,gtc,Rabs,TleafEB,TleafCnd,SVPleaf,RHcham,VPcham,SVPcham,VPDleaf,LatHFlux,SenHFlux,NetTherm,EBSum,Leak,LeakPct,CorrFact,CorrFactPct,Fan,DarkAdaptedID,Qmax_d,Fo,Fm,Fv.Fm,A_dark,LightAdaptedID,Qmax,Fs,Fm.,PhiPS2,PS2.1,Qabs_fs,A_fs,ETR,PhiCO2,NPQ,alt..Fo.,DarkPulseID,Fmin,Fo.,Fv..Fm.,qP,qN,qP_Fo,qN_Fo,qL,X1.qL,Qin,Qabs,alpha,convert,S,K,Geometry,Custom,TIME.1,CO2_s,CO2_r,H2O_s,H2O_r,CO2_a,H2O_a,Flow,Pa,Î”Pcham,Tair,Tleaf,Tleaf2,Offset,Offset2,Fan_speed,Qamb_in,Qamb_out,Q,f_red,f_blue,f_farred,F,Q_modavg,F_dc,Pc,Tled,TDigital,TPreamp,TPwrSpy,TDrive,Q_red,Q_blue,Q_farred,TSPF,state,F_avg,dF.dt,dF_dc.dt,F_dc_avg,period,time.1,hhmmss.1,co2_t,h2o_t,count,co2_adj,h2o_adj,co2_match,h2o_match,co2_at,h2o_at,co2_cv,h2o_cv,MatchValveR,MatchValveS,MatchCO2,MatchH2O,cf_co2_a,cf_co2_b,cf_co2_c,cf_co2_d,cf_h2o_a,cf_h2o_b,cf_h2o_c,cf_h2o_d,co2_fit_low,co2_fit_high,h2o_fit_low,h2o_fit_high,co2_elapsed,h2o_elapsed,CO2_f,CO2_f_s,Pump_f,Pump_f_s,Pump_p,Pump_p_s,Tboard,V_system,DIAG,Flow_s,Flow_r,Txchg,Tirga,Tchopper,Ts,Tr,CO2_.,Desiccant_.,Humidifier_.,Txchg_sp,CO2_r_sp,H2O_r_sp,SS_s,SS_r,X
1,1,1643059949,0,20220124 13:32:29,13:32:29,15,NA,1643059941,0.00185819,1.858189985,10.0287931,368.021957,277.1450962,28.17420591,37.41262804,0.192917407,2.956362265,0.186186649,0.116951823,257.6751121,14.98623548,13.72313548,1.575693862,35.76012136,0.571830822,1.599074053,1.00386304,-81.94617834,36.13992943,2.305919878,214.1747831,0,0,1,0,56159,-,-,0,0,0,0,-,-,0,0,0,0.5,0,0,0,0,0,0,-,0,0,0,0,0,0,0,0,1,1599.998065,1345.198074,0.840749813,0.16104714,6,0.5,0: Broadleaf,2,1643059941,368.0219677,399.9762258,5.625007097,0.113476548,385.3299677,6.844007097,201.1496774,101.5586774,0.100007132,13.94988387,13.72313548,999.9,0,0,9997.815161,0,0.221023,1599.998065,0.975006097,0.024994374,0,2.279322581,0,18336.01613,14006.44194,37.054,39.58029032,38.49593548,37.625,36.375,1560.008065,39.99,0,1643059951,0,2.231716,0.87796921,-73.7999999,18335.036,15,1643059990,13:33:09,1643059968,1643059990,4,0.049,0.063,-17.308,-1.219,400,0,0.04,0.02,100,100,-17.308,-1.219,-16.9775,-0.000918359,-1.96E-08,9.04E-11,-1.270991086,-0.010008516,0.001251034,-1.20E-05,1,2100,2,24,5.2,4.9,0.755615,2.33643,1.04614,2.10205,1.0437,2.229,31.2156,23.9211,18,177.696,489.295,5.9989,25.7859,30,25.7121,25.6173,15.1584,87.2429,0,0,400,0.0773,100.605,95.6904,NA
1,2,1643060818,869.0999999,20220124 13:46:58,13:46:58,15,NA,1643060810,0.002268081,2.268081209,11.17634018,364.1925363,270.6389801,27.51494861,37.02622185,0.210322634,2.956572595,0.202350118,0.127159943,257.6767723,17.10591011,15.87824194,1.810558142,37.117149,0.684993796,1.84549141,1.125564346,-100.0223813,47.70376114,3.113828013,208.4719801,0,0,1,0,55703,-,-,0,0,0,0,-,-,0,0,0,0.5,0,0,0,0,0,0,-,0,0,0,0,0,0,0,0,1,1600.004839,1345.204065,0.840749998,0.161047496,6,0.5,0: Broadleaf,2,1643060810,364.1925484,399.9979355,6.737647419,0.017104555,381.3985484,7.939647419,201.1265806,101.5666452,0.099968387,16.17752258,15.87824194,999.9,0,0,9998.223871,0,0.221023,1600.004839,0.975001355,0.024999045,0,2.267964516,0,17054.63871,14006.50645,36.796,39.25,38.133,37.375,36.29,1560.004839,40,0,1643060820,0,2.280904,-0.066553855,-65.23076924,17054.088,15,1643060859,13:47:38,1643060839,1643060859,5,0.103,0.016,-17.206,-1.202,400,0,0.03,0.02,100,100,-17.206,-1.202,-16.92840186,-0.000918359,-1.96E-08,9.04E-11,-1.207644588,-0.010008516,0.001251034,-1.20E-05,1,2100,2,24,14.2,13.8,0.754395,2.323,1.04614,2.09961,1.04248,2.51465,31.5861,24.0175,18,177.613,487.455,10.0001,25.0119,29.9999,25.098,25.0776,15.1437,87.6561,0,10,400,0,100.701,95.7935,NA
1,3,1643061340,1390.6,20220124 13:55:39,13:55:39,15,NA,1643061332,0.002826464,2.826464208,12.44231862,359.8488252,261.013087,26.54311575,36.5939851,0.223348097,2.958553496,0.214385901,0.13476644,257.6763403,19.95824839,18.7429871,2.170060732,38.08904616,0.849247725,2.229637681,1.320813007,-124.6470716,69.20514391,4.653075992,206.8874887,0,0,1,0,55116,-,-,0,0,0,0,-,-,0,0,0,0.5,0,0,0,0,0,0,-,0,0,0,0,0,0,0,0,1,1600.004839,1345.203841,0.840749858,0.161047226,6,0.5,0: Broadleaf,2,1643061332,359.8488387,400.0002581,8.351120968,-0.010221682,377.0678387,9.550120968,201.1299032,101.5927419,0.09992049,19.17687097,18.7429871,999.9,0,0,10006.89355,0,0.221023,1600.004839,0.97500329,0.024997142,0,2.252435484,0,16236.68065,14006.50645,37.004,39.375,38.312,37.562,36.687,1560.013871,39.99258065,0,1643061342,0,2.285836,0.407923064,-60.40769229,16235.448,15,1643061380,13:56:20,1643061361,1643061380,6,-0.014,0.002,-17.219,-1.199,400,0,0.04,0.01,100,100,-17.219,-1.199,-16.82593119,-0.000918359,-1.96E-08,9.04E-11,-1.191691392,-0.010008516,0.001251034,-1.20E-05,1,2100,2,24,8.3,8,0.754395,2.3291,1.04614,2.09717,1.04248,2.50732,31.7173,24.0525,18,177.98,486.118,15.001,24.7447,30,24.8333,24.8161,15.1347,87.7056,0,15,400,0,100.731,95.8258,NA
1,4,1643061971,2021.6,20220124 14:06:10,14:06:10,15,NA,1643061963,0.003639156,3.639155996,13.65983955,355.3970183,252.5860087,25.68348026,36.13752143,0.238591409,2.957220279,0.228389785,0.143623841,257.6761999,23.25491314,22.18214667,2.683127298,39.50986051,1.093011926,2.766428208,1.590115372,-160.4867794,80.18886737,5.588840724,182.9671285,0,0,1,0,54692,-,-,0,0,0,0,-,-,0,0,0,0.5,0,0,0,0,0,0,-,0,0,0,0,0,0,0,0,1,1599.999,1345.199346,0.840750117,0.161047726,6,0.5,0: Broadleaf,2,1643061963,355.3970333,399.9991,10.74930333,0.011181697,372.6010333,11.95430333,201.1546,101.5821667,0.09995098,22.68512,22.18214667,999.9,0,0,10000.37,0,0.221023,1599.999,0.974992967,0.02500659,0,2.202253333,0,15504.05,14006.39667,37.625,39.78926667,38.812,38.062,37.50413333,1559.984667,40.006,0,1643061972,0,2.207380769,-0.292126513,-22.38290596,15503.94231,15,1643062011,14:06:51,1643061994,1643062011,7,0.015,-0.005,-17.204,-1.205,400,0,0.03,0.01,100,100,-17.204,-1.205,-16.8395,-0.000918359,-1.96E-08,9.04E-11,-1.189297422,-0.010008516,0.001251034,-1.20E-05,1,2100,2,24,10.2,9.8,0.754395,2.32056,1.04614,2.09717,1.04248,2.44263,31.8707,24.07,18,178.528,483.85,20.0004,24.7426,30,24.7593,24.7172,15.1364,87.6114,0,20,400,0,100.741,95.8349,NA
1,5,1643062657,2708,20220124 14:17:37,14:17:37,15,NA,1643062649,0.004613757,4.613757062,14.49598052,351.8946612,248.5065337,25.26074793,35.77017556,0.255860933,2.954755091,0.244158675,0.153605965,257.6753307,26.38116709,25.3943871,3.255213911,40.68917963,1.378152265,3.387023965,1.877061645,-203.4666864,106.639929,7.69029035,168.5388636,0,0,1,0,53840,-,-,0,0,0,0,-,-,0,0,0,0.5,0,0,0,0,0,0,-,0,0,0,0,0,0,0,0,1,1599.995806,1345.196477,0.840750002,0.161047504,6,0.5,0: Broadleaf,2,1643062649,351.8946774,399.973871,13.5577871,-0.016936045,369.1066774,14.7637871,201.1623226,101.5502258,0.100010742,26.06382903,25.3943871,999.9,0,0,9989.532903,0,0.221023,1599.995806,0.974998,0.0250017,0,2.180080645,0,15095.73871,14006.39032,38.375,40.32825806,39.5,38.679,38.437,1559.995806,40,0,1643062659,0,2.183088462,0.682786317,3.292307699,15095.76538,15,1643062698,14:18:17,1643062686,1643062698,8,-0.008,-0.001,-17.212,-1.206,400,0,0.07,0.02,100,100,-17.212,-1.206,-16.82408627,-0.000918359,-1.96E-08,9.04E-11,-1.194742027,-0.010008516,0.001251034,-1.20E-05,1,2100,2,24,11.1,10.8,0.754395,2.34009,1.04614,2.09717,1.04248,2.47192,32.0904,24.07,18,179.137,482.079,25.0004,24.9346,30.0002,24.885,24.821,15.1374,87.7469,0,25,400,0,100.72,95.8216,NA
1,6,1643063588,3638.5,20220124 14:33:07,14:33:07,15,NA,1643063580,0.006133019,6.133018945,15.39939703,347.6840149,253.0672624,25.72489685,35.34291766,0.305855108,2.956468378,0.289300969,0.182225727,257.6753367,29.42842579,28.54545806,3.917196196,44.03172766,1.823067093,4.140348766,2.094129103,-270.4661355,152.6356518,11.36895605,151.2138091,0,0,1,0,53225,-,-,0,0,0,0,-,-,0,0,0,0.5,0,0,0,0,0,0,-,0,0,0,0,0,0,0,0,1,1599.999355,1345.199168,0.840749819,0.16104715,6,0.5,0: Broadleaf,2,1643063580,347.6840323,399.9754516,17.93432258,-0.030378923,364.8760323,19.14532258,201.1620645,101.5524194,0.099989587,29.5030871,28.54545806,999.9,0,0,9999.033226,0,0.221023,1599.999355,0.975005097,0.024994681,0,2.294458065,0,15022.30645,14006.45161,39.312,41.062,40.375,39.437,39.562,1560.009032,39.99032258,0,1643063589,0,2.315684,-0.527561552,16.68461534,15022.592,15,1643063628,14:33:48,1643063617,1643063628,9,0.021,-0.005,-17.192,-1.211,400,0,0.03,0.01,100,100,-17.192,-1.211,-16.83242697,-0.000918359,-1.96E-08,9.04E-11,-1.195716515,-0.010008516,0.001251034,-1.20E-05,1,2100,2,24,15,14.8,0.754395,2.33521,1.04614,2.09595,1.04248,2.48413,32.3328,24.0612,18,180.432,480.303,30.0002,25.2512,30.0003,25.1286,25.0383,15.1408,87.8273,0,30,400,0,100.678,95.794,NA
1,7,1643064523,4574.1,20220124 14:48:43,14:48:43,15,NA,1643064515,0.008026426,8.026425686,15.87693249,344.3734981,261.5860041,26.58892427,35.00386381,0.375098204,2.957222881,0.350529135,0.221153897,257.6753434,32.15887801,31.41524516,4.619298677,47.69458058,2.371869369,4.973037482,2.247429308,-353.9653727,207.9437738,15.95741099,127.6111554,0,0,1,0,52740,-,-,0,0,0,0,-,-,0,0,0,0.5,0,0,0,0,0,0,-,0,0,0,0,0,0,0,0,1,1599.992258,1345.193797,0.840750191,0.161047869,6,0.5,0: Broadleaf,2,1643064515,344.3735161,399.9763871,23.33482258,-0.047918174,361.5385161,24.55582258,201.1517097,101.5450968,0.099960148,32.71954194,31.41524516,999.9,0,0,10004.03548,0,0.221023,1599.992258,0.974991,0.0250088,0,2.214025806,0,14964.63548,14006.33548,40.062,41.56606452,41.04,40.008,40.5,1559.982258,40.01,0,1643064525,0,2.200384,0.114984615,8.276923097,14964.752,15,1643064564,14:49:23,1643064553,1643064564,10,0.026,-0.01,-17.165,-1.221,400,0,0.03,0.01,100,100,-17.165,-1.221,-16.81161578,-0.000918359,-1.96E-08,9.04E-11,-1.200947063,-0.010008516,0.001251034,-1.20E-05,1,2100,2,24,15.1,14.9,0.754395,2.34985,1.04614,2.09473,1.04248,2.38159,32.5318,24.0525,18,182.105,479.144,34.9999,25.7968,30.0002,25.6057,25.4902,15.1341,87.3795,0,35,400,0,100.598,95.7272,NA
1,8,1643065203,5253.6,20220124 15:00:02,15:00:02,15,NA,1643065195,0.009522119,9.522118769,15.61116055,343.7224659,262.3393774,26.66367401,34.93529591,0.386131415,2.95654244,0.360143862,0.227278877,257.675086,34.84797007,34.13639677,5.383795683,47.53431792,2.804760221,5.900495356,2.579035462,-419.9254377,263.7071696,20.82334077,122.2801586,0,0,1,0,52142,-,-,0,0,0,0,-,-,0,0,0,0.5,0,0,0,0,0,0,-,0,0,0,0,0,0,0,0,1,1599.990645,1345.192442,0.840750192,0.16104787,6,0.5,0: Broadleaf,2,1643065195,343.7224839,400.0490968,27.59556129,-0.02275849,360.8834839,28.83256129,201.1567097,101.5380968,0.0999961,35.79084194,34.13639677,999.9,0,0,10000.86387,0,0.221023,1599.990645,0.974995774,0.025004126,0,2.156990323,0,14644.30323,14006.33548,40.558,41.937,41.45529032,40.389,41.183,1559.980645,40.01,0,1643065205,0,2.152972,0.471530768,-20.53076911,14644.116,15,1643065243,15:00:43,1643065230,1643065243,11,0.004,-0.016,-17.161,-1.237,400,0,0.03,0.01,100,100,-17.161,-1.237,-16.78538501,-0.000918359,-1.96E-08,9.04E-11,-0.90914269,0,0,0,1,2100,2,24,10.8,10.7,0.754395,2.33398,1.04614,2.09473,1.04248,2.52075,32.7091,24.035,18,183.417,478.185,40.0005,26.1884,30.0002,25.9279,25.7881,15.133,87.0341,0,40,400,0,100.527,95.6842,NA
1,9,1643065864,5914.5,20220124 15:11:03,15:11:03,15,NA,1643065856,0.010506944,10.50694417,14.44448902,346.0642832,257.3854651,26.16073836,35.1740809,0.334873659,2.955671007,0.315133104,0.198634756,257.6766154,37.78744573,37.04572,6.320629722,44.00324093,3.088669784,7.019187039,3.231959938,-463.3562377,308.2625349,25.07931451,127.6622271,0,0,1,0,51666,-,-,0,0,0,0,-,-,0,0,0,0.5,0,0,0,0,0,0,-,0,0,0,0,0,0,0,0,1,1600.007,1345.20562,0.840749834,0.16104718,6,0.5,0: Broadleaf,2,1643065856,346.0643,399.9879333,30.38823667,0.004485246,363.2113,31.64123667,201.1797,101.5402667,0.100042963,38.98026667,37.04572,999.9,0,0,9995.706667,0,0.221023,1600.007,0.975004867,0.02499518,0,2.248883333,0,14179.19,14006.51667,41.3309,42.562,42.187,41.062,42.125,1560.015667,39.99133333,0,1643065866,0,2.255904,-0.059069208,-25.42307694,14178.892,15,1643065904,15:11:44,1643065894,1643065904,12,0.014,-0.015,-17.147,-1.253,400,0,0.03,0.02,100,100,-17.147,-1.253,-16.78092799,-0.000918359,-1.96E-08,9.04E-11,-0.924723334,0,0,0,1,2100,2,24,10.6,10.3,0.755615,2.35352,1.04614,2.09473,1.04248,2.35352,32.798,24.0262,18,184.189,477.471,45.0005,26.6978,30.0004,26.3476,26.1764,15.1367,86.9734,0,45,400,0,100.432,95.6219,NA
1,10,1643066738,6789,20220124 15:25:38,15:25:38,15,NA,1643066730,0.011324638,11.32463795,10.86557928,355.5598904,271.0042997,27.54561049,36.14006958,0.285210971,2.955857826,0.270756584,0.170460468,257.6773446,40.82710558,39.82540645,7.344782545,39.75651808,3.31644249,8.341883672,4.028340054,-499.4165335,382.4893386,32.02935194,172.7795017,0,0,1,0,51019,-,-,0,0,0,0,-,-,0,0,0,0.5,0,0,0,0,0,0,-,0,0,0,0,0,0,0,0,1,1600.011935,1345.209735,0.840749813,0.161047139,6,0.5,0: Broadleaf,2,1643066730,355.5599032,399.9769355,32.62843548,-0.046090768,372.8419032,33.88143548,201.1683226,101.5427097,0.09999679,42.22562258,39.82540645,999.9,0,0,9996.525806,0,0.221023,1600.011935,0.975005839,0.024994232,0,2.200148387,0,13842.27419,14006.57419,42.49593548,43.48780645,43.292,42.012,43.437,1560.021613,39.99032258,0,1643066740,0,2.193576923,1.02590769,-21.03589751,13842.11923,15,1643066779,15:26:18,1643066778,1643065904,13,-0.135,-0.015,-17.282,-1.253,400,0,0.02,0.02,100,100,-17.282,-1.253,-16.7675,-0.000918359,-1.96E-08,9.04E-11,-0.93990515,0,0,0,1,2100,2,24,14.1,13.9,0.755615,2.35962,1.04614,2.09351,1.04248,2.20825,32.976,23.9999,18,185.052,477.418,49.9997,27.3692,30.0001,26.9517,26.7593,15.1488,87.54,0,50,400,0,100.286,95.5409,NA
2,1,1643071385,0,20220124 16:43:04,16:43:04,15,NA,1643071377,0.001509302,1.509302031,7.960691311,374.5937582,281.8212618,28.64602351,38.0759831,0.149334196,2.957001453,0.145267431,0.091148303,257.6777749,15.02797733,14.35252,1.641342548,37.44543969,0.596885879,1.594014875,1.044456669,-66.56021958,-71.96972535,-4.605013904,114.5428161,5,2,1,0,56100,-,-,0,0,0,0,-,-,0,0,0,0.5,0,0,0,0,0,0,-,0,0,0,0,0,0,0,0,1,1600.011,1345.20925,0.840750001,0.161047502,6,0.5,0: Broadleaf,2,1643071377,374.5937667,400.0217333,5.872198333,1.397319333,391.7777667,7.243198333,201.1816333,101.5460333,0.100035963,13.90106667,14.35252,999.9,0,0,10002.68667,0,0.221023,1600.011,0.974999533,0.02500038,0,2.307433333,0,18068.83,14006.53333,37,39.63533333,38.437,37.625,36.375,1560.010667,40.00033333,0,1643071387,0,2.300072,0.217946151,-93.98461517,18067.476,15,1643071425,16:43:45,1643071409,1643071425,16,-0.03,0.367,-17.184,-1.371,400,1,0.09,0.03,100,100,-17.184,-1.371,-16.77390346,-0.000918359,-1.96E-08,9.04E-11,-1.720137021,-0.010008516,0.001251034,-1.20E-05,1,2100,2,24,39.5,39.4,0.753174,2.39624,1.04614,2.09351,1.0437,2.22534,33.6254,23.9124,18,173.215,480.842,5.93874,25.7318,29.9999,25.6666,25.5806,15.1066,79.951,0,0,400,1.44049,100.558,95.695,NA
2,2,1643072036,651,20220124 16:53:55,16:53:55,15,NA,1643072028,0.001975327,1.975326866,9.229345613,370.2827901,273.4263286,27.79437666,37.64004508,0.167342925,2.956730231,0.162253709,0.101852922,257.6777264,17.13972306,16.45931,1.878922318,35.68606249,0.656812889,1.840530569,1.222109429,-87.11191478,-51.6439931,-3.380280036,115.5415385,5,2,1,0,55681,-,-,0,0,0,0,-,-,0,0,0,0.5,0,0,0,0,0,0,-,0,0,0,0,0,0,0,0,1,1600.010333,1345.20872,0.84075002,0.161047539,6,0.5,0: Broadleaf,2,1643072028,370.2828,399.9924333,6.461376667,0.607711467,387.3968,7.735376667,201.1625333,101.5521667,0.09999242,16.13532667,16.45931,999.9,0,0,10000.54367,0,0.221023,1600.010333,0.974996733,0.025003167,0,2.362413333,0,16877.46333,14006.51667,36.8708,39.437,38.25,37.5,36.375,1560.009,40.00133333,0,1643072038,0,2.339107692,-0.271111115,-86.4376067,16876.65,15,1643072076,16:54:36,1643072058,1643072076,17,0.069,0.093,-17.114,-1.274,400,1,0.05,0.02,100,100,-17.114,-1.274,-16.80369928,-0.000918359,-1.96E-08,9.04E-11,-1.352950707,-0.010008516,0.001251034,-1.20E-05,1,2100,2,24,10.4,10.2,0.750732,2.37793,1.04614,2.09351,1.04248,2.31323,33.5804,24.0087,18,173.4,481.046,10.0003,25.1485,29.9997,25.245,25.2305,15.0797,85.2904,0,10,400,0.566819,100.617,95.7637,NA
2,3,1643072600,1215.4,20220124 17:03:20,17:03:20,15,NA,1643072592,0.0026504,2.650399867,10.80441057,364.8821173,261.9014353,26.62291573,37.09115168,0.186170491,2.95864368,0.179898714,0.112982589,257.674404,20.18444846,19.51099355,2.276488756,35.5472127,0.801544578,2.254873216,1.474944178,-116.8826341,-24.46776693,-1.653095018,114.6709079,4,2,1,0,55085,-,-,0,0,0,0,-,-,0,0,0,0.5,0,0,0,0,0,0,-,0,0,0,0,0,0,0,0,1,1599.99,1345.1916,0.840750005,0.161047509,6,0.5,0: Broadleaf,2,1643072592,364.882129,399.9958065,7.885149677,0.041502019,381.964129,9.090149677,201.1437419,101.5524839,0.0999401,19.35759677,19.51099355,999.9,0,0,10011.37258,0,0.221023,1599.99,0.975002742,0.024997252,0,2.17703871,0,15861.04839,14006.3871,37.187,39.57012903,38.49593548,37.812,36.919,1559.99,40,0,1643072602,0,2.204730769,0.456109391,-76.8376068,15860.71154,15,1643072641,17:04:00,1643072629,1643072641,18,0.032,0.065,-17.082,-1.205,400,0,0.03,0.02,100,100,-17.082,-1.205,-16.7345,-0.000918359,-1.96E-08,9.04E-11,-1.259982382,-0.010008516,0.001251034,-1.20E-05,1,2100,2,24,9,8.7,0.750732,2.38892,1.04614,2.09351,1.04248,2.2168,33.4456,24.0437,18,173.639,480.443,15.0021,24.8176,30.0002,24.891,24.8778,15.074,88.5875,0,15,400,0,100.67,95.8162,NA
2,4,1643073201,1815.9,20220124 17:13:20,17:13:20,15,NA,1643073193,0.00341101,3.411010023,11.83464534,361.018987,256.135445,26.03989089,36.70282741,0.203017238,2.948509385,0.195558867,0.122871568,257.6740936,23.37744142,22.66271935,2.7626707,36.81941074,1.022410712,2.776825298,1.740259988,-150.425542,13.39161404,0.938678636,121.5788443,4,2,1,0,54787,-,-,0,0,0,0,-,-,0,0,0,0.5,0,0,0,0,0,0,-,0,0,0,0,0,0,0,0,1,1599.984194,1345.187042,0.840750207,0.1610479,6,0.5,0: Broadleaf,2,1643073193,361.019,399.9889032,10.05670968,-0.014396345,378.085,11.25670968,201.1719355,101.5643871,0.100147826,22.74696452,22.66271935,999.9,0,0,9952.780323,0,0.221023,1599.984194,0.974992645,0.025007455,0,2.2836,0,15024.53548,14006.26774,37.875,40.062,39.08029032,38.375,37.8,1559.973548,40.01064516,0,1643073203,0,2.277084,0.857346165,-46.4384615,15024.32,15,1643073241,17:14:01,1643073227,1643073241,19,0.017,0.004,-17.066,-1.2,400,0,0.03,0.02,100,100,-17.066,-1.2,-16.70244412,-0.000918359,-1.96E-08,9.04E-11,-1.194540637,-0.010008516,0.001251034,-1.20E-05,1,2100,2,24,9.5,9.3,0.751953,2.39868,1.04614,2.09351,1.04248,2.30835,33.4456,24.0525,18,174.042,479.676,20.0003,25.0629,30.0001,25.0509,25.0016,15.0769,88.7129,0,20,400,0,100.642,95.7906,NA
2,5,1643073711,2326.4,20220124 17:21:51,17:21:51,15,NA,1643073703,0.004281963,4.281962561,12.50565626,358.133728,252.7649552,25.69668737,36.40872777,0.217065373,2.955063004,0.208580416,0.131097464,257.6751248,26.46494846,25.73403871,3.321518571,37.84660373,1.281734385,3.386656289,2.039784185,-188.8345489,52.24758618,3.773809056,124.8619711,3,1,1,0,54063,-,-,0,0,0,0,-,-,0,0,0,0.5,0,0,0,0,0,0,-,0,0,0,0,0,0,0,0,1,1599.994516,1345.195394,0.840750003,0.161047505,6,0.5,0: Broadleaf,2,1643073703,358.1337419,400.0109355,12.60775484,-0.003800983,375.1477419,13.81375484,201.1477419,101.5623871,0.099994642,26.06199355,25.73403871,999.9,0,0,9990.082258,0,0.221023,1599.994516,0.975001032,0.024999194,0,2.337422581,0,14519.52903,14006.38065,38.504,40.562,39.661,38.875,38.61483871,1559.994516,40,0,1643073713,0,2.336784615,0.129251283,-17.46324785,14519.34615,15,1643073752,17:22:31,1643073735,1643073752,20,0.052,-0.006,-17.014,-1.206,400,0,0.04,0.01,100,100,-17.014,-1.206,-16.68597624,-0.000918359,-1.96E-08,9.04E-11,-1.190339266,-0.010008516,0.001251034,-1.20E-05,1,2100,2,24,8.1,7.8,0.751953,2.39746,1.04614,2.09351,1.04248,2.27051,33.4232,24.0525,18,174.833,479.173,25.0011,25.0698,30.0001,25.0446,24.9931,15.0752,88.5784,0,25,400,0,100.639,95.7927,NA
2,6,1643074638,3253,20220124 17:37:17,17:37:17,15,NA,1643074630,0.005793993,5.793993368,13.17684709,354.6027851,257.8763254,26.21889841,36.05330728,0.257529015,2.956770514,0.245685151,0.154571945,257.6761039,29.80619691,29.13941,4.05433086,40.96565657,1.72473492,4.210197185,2.32959594,-255.5151075,104.279301,7.800528791,114.2408262,2,1,1,0,53237,-,-,0,0,0,0,-,-,0,0,0,0.5,0,0,0,0,0,0,-,0,0,0,0,0,0,0,0,1,1599.996667,1345.197529,0.840750208,0.1610479,6,0.5,0: Broadleaf,2,1643074630,354.6028,400.0344,16.96365333,-0.025252023,371.6068,18.17365333,201.1562,101.5723667,0.100008143,29.79358667,29.13941,999.9,0,0,9998.783333,0,0.221023,1599.996667,0.974994067,0.025006333,0,2.237116667,0,14266.51333,14006.39,39.76446667,41.562,40.8183,39.93493333,40.062,1559.986333,40.011,0,1643074640,0,2.233473077,-0.043709391,9.511111122,14266.64615,15,1643074678,17:37:58,1643074664,1643074678,21,0.011,-0.004,-17.004,-1.21,400,0,0.04,0.01,100,100,-17.004,-1.21,-16.63445177,-0.000918359,-1.96E-08,9.04E-11,-1.195906597,-0.010008516,0.001251034,-1.20E-05,1,2100,2,24,15,14.8,0.750732,2.37183,1.04614,2.09351,1.04248,2.46094,33.4456,24.0525,18,176.216,478.841,30.0001,25.4488,30.0001,25.3256,25.2383,15.0771,88.7663,0,30,400,0,100.598,95.7532,NA
2,7,1643075566,4181.4,20220124 17:52:46,17:52:46,15,NA,1643075558,0.007582379,7.582379109,13.58991376,351.4758178,264.5608528,26.90275401,35.74099255,0.307622488,2.956655584,0.2908831,0.18322996,257.6784326,32.61361696,32.10864,4.804524334,44.30120482,2.245727676,5.069224833,2.558796658,-334.3829187,151.6800432,11.7012867,86.67684378,0,0,1,0,52629,-,-,0,0,0,0,-,-,0,0,0,0.5,0,0,0,0,0,0,-,0,0,0,0,0,0,0,0,1,1600.015,1345.21262,0.840750005,0.161047511,6,0.5,0: Broadleaf,2,1643075558,351.4758333,399.9584667,22.08441667,-0.03164424,368.4798333,23.30341667,201.1640333,101.5883333,0.100006897,33.06021333,32.10864,999.9,0,0,9996.56,0,0.221023,1600.015,0.9750002,0.02500028,0,2.320693333,0,14167.35,14006.56,40.65806667,42.2248,41.62913333,40.625,41.083,1560.014333,40.00066667,0,1643075568,0,2.30425,-0.376188028,8.177777786,14167.35385,15,1643075607,17:53:26,1643075590,1643075607,22,0,-0.009,-17.004,-1.219,400,0,0.03,0.01,100,100,-17.004,-1.219,-16.62381356,-0.000918359,-1.96E-08,9.04E-11,-1.199610164,-0.010008516,0.001251034,-1.20E-05,1,2100,2,24,15,14.8,0.751953,2.38281,1.04614,2.09229,1.04248,2.50244,33.4681,24.0525,18,177.956,478.985,34.9998,25.9911,30.0003,25.7893,25.6739,15.0863,88.6632,0,35,400,0,100.523,95.6856,NA
2,8,1643076382,4997.4,20220124 18:06:22,18:06:22,15,NA,1643076374,0.0095359,9.53589963,13.4803192,349.8407511,272.7165332,27.73244932,35.57518419,0.360963258,2.957519648,0.338152727,0.213274656,257.6769106,35.30071912,34.71282333,5.5591643,46.43706712,2.809516615,6.050159473,2.749647684,-420.5331737,244.5404279,19.40066232,101.0848272,0,0,1,0,52018,-,-,0,0,0,0,-,-,0,0,0,0.5,0,0,0,0,0,0,-,0,0,0,0,0,0,0,0,1,1600.009333,1345.20754,0.840749808,0.16104713,6,0.5,0: Broadleaf,2,1643076374,349.8407667,400.0006667,27.62834333,-0.02951087,366.9107667,28.86234333,201.1531,101.5896667,0.099985207,36.24651333,34.71282333,999.9,0,0,10001.33,0,0.221023,1600.009333,0.9750036,0.02499612,0,2.25704,0,13984.25667,14006.53667,41.3414,42.7458,42.25,41.125,41.937,1560.019333,39.99,0,1643076384,0,2.234207692,0.253955559,3.572649544,13984.22692,15,1643076423,18:07:02,1643076414,1643076423,23,-0.066,-0.016,-17.07,-1.234,400,0,0.02,0.01,100,100,-17.07,-1.234,-16.62396773,-0.000918359,-1.96E-08,9.04E-11,-0.90638348,0,0,0,1,2100,2,24,13.2,12.9,0.751953,2.40356,1.04614,2.09229,1.04248,2.18506,33.5355,24.0262,18,179.813,479.162,39.9999,26.4394,30.0001,26.1765,26.0375,15.0863,88.7456,0,40,400,0,100.442,95.6281,NA
2,9,1643077122,5736.9,20220124 18:18:41,18:18:41,15,NA,1643077114,0.010661641,10.66164107,12.51556055,351.4971144,271.6733707,27.62634018,35.74357999,0.33446286,2.956649876,0.314775287,0.198406763,257.6784743,38.13105948,37.31130968,6.412805424,43.68671767,3.130128046,7.164942145,3.282677378,-470.1783712,326.9914343,26.67747092,141.1690084,0,0,1,0,51442,-,-,0,0,0,0,-,-,0,0,0,0.5,0,0,0,0,0,0,-,0,0,0,0,0,0,0,0,1,1600.01129,1345.209832,0.840750212,0.16104791,6,0.5,0: Broadleaf,2,1643077114,351.497129,400.0072903,30.78121935,-0.0418122,368.581129,32.02621935,201.1508065,101.5895484,0.099991926,39.3627129,37.31130968,999.9,0,0,9996.408065,0,0.221023,1600.01129,0.974990935,0.025008613,0,2.349390323,0,13872.24194,14006.50645,42.0863871,43.268,42.937,41.804,42.875,1559.999677,40.0116129,0,1643077124,0,2.339303846,0.068899149,6.256410158,13872.27692,15,1643077162,18:19:21,1643077159,1643077162,24,-0.013,-0.011,-17.084,-1.245,400,0,0.03,0.01,100,100,-17.084,-1.245,-16.69051862,-0.000918359,-1.96E-08,9.04E-11,-0.92199177,0,0,0,1,2100,2,24,11.8,11.7,0.751953,2.40112,1.04614,2.09229,1.04248,2.14722,33.558,24.0175,18,180.755,478.311,44.9994,26.8989,30.0002,26.5489,26.3816,15.0907,88.7682,0,45,400,0,100.346,95.5796,NA
2,10,1643077881,6496.5,20220124 18:31:21,18:31:21,15,NA,1643077873,0.011264673,11.26467261,10.33536838,357.200188,275.8520406,28.05398408,36.32704099,0.285942023,2.957309575,0.271422212,0.170881967,257.6764194,41.0470086,39.72528333,7.305538296,39.19677135,3.304950142,8.431689723,4.000588155,-496.7720621,431.1288864,36.10267662,228.1359203,0,0,1,0,51611,-,-,0,0,0,0,-,-,0,0,0,0.5,0,0,0,0,0,0,-,0,0,0,0,0,0,0,0,1,1599.999,1345.19946,0.840750188,0.161047863,6,0.5,0: Broadleaf,2,1643077873,357.2002,400.0296667,32.49724667,-0.010425892,374.2432,33.74224667,201.1574667,101.5994667,0.099922683,42.42939667,39.72528333,999.9,0,0,9999.173667,0,0.221023,1599.999,0.974995133,0.02500452,0,2.216873333,0,13957.07333,14006.42,42.7395,43.75826667,43.562,42.312,43.687,1559.989,40.01,0,1643077883,0,2.219857692,0.137213693,11.85982905,13957.11154,15,1643077922,18:32:01,1643077917,1643077162,25,0.041,-0.011,-17.043,-1.245,400,0,0.03,0.01,100,100,-17.043,-1.245,-16.70383842,-0.000918359,-1.96E-08,9.04E-11,-0.933141364,0,0,0,1,2100,2,24,12,12,0.753174,2.40112,1.04614,2.09229,1.04248,2.39258,33.6479,23.9999,18,181.336,478.479,50,27.3448,30.0003,26.9305,26.74,15.097,88.3191,0,50,400,0,100.247,95.5271,NA